number,old_definition,word,translation,definition,example_sentences,part_of_speech,collocations,problematic_words
4600,為理想而抗爭奮鬥的人。[例]民主鬥士、自由鬥士,鬥士,A fighter who struggles and fights for ideals.,為理想而抗爭奮鬥的人。,許多自由鬥士不畏艱難，持續為人權發聲，爭取改善社會現狀。 / 在抗議活動中，這些年輕的鬥士們展現出無畏的勇氣，堅定不移地追尋民主改革的理想。 / 自由鬥士雖然面對強大壓力，仍然堅持以非暴力的方式抵抗不公的制度。 / 過去的鬥士們為了下一代，為他們創造了一個更加平等的生活環境，而這股鬥志至今仍激勵著後人。 / 各國的自由鬥士們常常分享經驗，以互相學習，提升他們對抗暴政的能力。 / 曾經有許多勇敢的鬥士站出來，反對歧視，致力於建立一個更加包容的社會。 / 在這場社會運動中，和平鬥士們通過對話和合作，成功促進了各界的和解與理解。 / 現代的環保鬥士們利用科技與創新，呼籲全球共同面對氣候變遷的挑戰。 / 即使面對嚴厲的法律打壓，這些勇敢的言論鬥士依然堅持揭露真相，追求言論自由。 / 歷史上的女性鬥士們為爭取性別平等付出了不少心血，讓今天的女性能夠享有更多的權利。 / 民主鬥士用自己的生命和汗水，換來了今日社會的繁榮與昌盛，值得我們永遠銘記。,n,民主鬥士 / 自由鬥士 / 和平鬥士 / 社會鬥士 / 女權鬥士 / 反腐鬥士 / 種族鬥士 / 教育鬥士 / 正義鬥士 / 愛國鬥士,"女權, 至今, 昌盛, 銘記, 移, 暴, 腐, 畏"
4601,招攬顧客推銷物品。[例]路口常有人兜售一串串的玉蘭花。,兜售,To sell or hawk items while soliciting customers.,招攬顧客推銷物品。,商人總是在市集上兜售新產品，吸引顧客的注意。 / 在公園裡，有人兜售手工製作的飾品，深受遊客喜愛。 / 節慶期間，許多攤販會兜售各式各樣的美食，讓人垂涎欲滴。 / 他們在街頭兜售二手書籍，希望能找到一些愛好者。 / 這家店兜售的特價商品吸引了眾多顧客前來搶購。 / 騎樓上經常有販賣飲料的小販兜售，為炎熱的夏天帶來一絲清涼。 / 每到周末，市場上就會出現兜售有機農產品的攤位，吸引了健康飲食的追求者。 / 文創市集裡，藝術家們兜售自己的畫作，希望能尋找到欣賞的目光。 / 節日快到了，郵局外面排隊的人們，期待著購買兜售的特別郵票。 / 社區活動中，有志願者兜售義賣商品，所得款項將用於幫助弱勢家庭。 / 遊行結束後，路旁的小攤販開始兜售各種紀念品，讓參加者帶走美好的回憶。在這個過程中，遊行的特色商品和獨特文化更加吸引了遊客的目光。,va-t,兜售商品 / 兜售服務 / 兜售票券 / 兜售特產 / 兜售遊戲 / 兜售小吃 / 兜售產品 / 兜售紀念品 / 兜售飲料 / 兜售玩具,"遊客, 深受, 價, 招攬, 票券, 創, 帶走, 搶購, 義賣, 特, 騎樓, 市集"
4602,奮發進取的意志。[例]鬥志昂揚,鬥志,Aspirations and determination to strive and succeed.,奮發進取的意志與精神。,經過這麼多年的努力，他終於實現了自己的理想，展現了堅定的鬥志。 / 在困難的時刻，朋友的鼓勵讓我重新找回了鬥志和信心。 / 她每天都進行激烈的訓練，無論遇到什麼挑戰，始終不放棄鬥志。 / 鬥志不屈的他，雖然遭遇了挫折，卻從不輕言放棄，持續朝目標邁進。 / 這次比賽中，選手們以高昂的鬥志和默契的團隊合作，獲得了冠軍。 / 即使面對重重困難，他的鬥志依然不減，堅信自己能夠克服一切挑戰。 / 在夢想的追逐中，他始終保持著充沛的鬥志，無懼前方的艱辛路程。 / 鬥志如虹的她，每天都為自己的目標努力奮鬥，讓周圍的人都感受到她的熱情。 / 雖然遇到了巨大的壓力，他的鬥志卻愈發堅定，決心迎接每一個挑戰。 / 在這場競賽中，選手們不僅展現了優秀的技術，更表現出無比的鬥志，感動了所有觀眾。 / 鬥志滿滿的他，對於未來充滿期待，始終相信努力就能改變命運。,n,鬥志高昂 / 鬥志堅定 / 鬥志滿滿 / 鬥志不屈 / 鬥志昂揚 / 鬥志勃勃 / 鬥志如虹 / 鬥志高漲 / 鬥志不減 / 鬥志先行,"鬥志勃勃, 找回, 懼, 昂揚, 屈"
4603,較量智謀優劣。[例]圍棋是一種很好的鬥智遊戲。,鬥智,To compete in wit and intelligence.,較量智謀的優劣。,兩個撲克牌的玩家經過數小時的激烈角逐，終於分出勝負，展現了過人的鬥智。 / 在智慧遊戲中，參賽者運用巧妙的策略，讓觀眾感受到鬥智的樂趣。 / 圍棋不僅是一種鬥智的遊戲，還需要玩家在棋盤上展現出高度的專注力。 / 在這場鬥智大賽中，選手們各自使出渾身解數，力求在有限的時間內取得高分。 / 許多熱愛解謎的人士，喜歡參加鬥智競賽，挑戰自己的思維極限。 / 他們在鬥智比賽中，巧妙運用心理戰術，成功迷惑了對手。 / 鬥智遊戲的規則雖然簡單，但掌握其深奧的策略需要長時間的練習和思考。 / 這部電影描繪了主角與敵人之間的鬥智過程，讓觀眾緊張地期待著每一個轉折。 / 在國際象棋比賽中，選手們必須預測對手的每一步，才能在這場鬥智的對決中贏得勝利。 / 鬥智的挑戰不僅考驗參賽者的智慧，也磨練了他們的耐心和毅力。 / 在這個鬥智的環境中，選手們不僅要面對對手的策略，還要克服自己的心理障礙。,va-i/N,鬥智遊戲 / 鬥智比賽 / 鬥智高手 / 鬥智策略 / 鬥智賽事 / 鬥智的挑戰 / 鬥智的環境 / 鬥智過程 / 鬥智之戰 / 鬥智的對手,"棋盤, 象棋, 智, 圍棋, 戰鬥智, 角逐, 賽事, 解, 賽, 力, 謀, 參賽"
4604,單獨稱霸，無人可敵。[例]瑞士鐘錶產品，獨霸全球市場。,獨霸,To dominate or monopolize without opposition.,單獨稱霸，無人可敵。,在這次音樂比賽中，她憑藉卓越的表演獨霸全場，贏得了所有評審的認可。 / 儘管市場競爭激烈，這家企業仍然獨霸高端科技產品的市場，引領潮流。 / 這位導演的新片一經上映，立即獨霸票房排行，成為觀眾口中的熱門話題。 / 在社交媒體上，他的影響力與日俱增，似乎獨霸了整個平台的討論風潮。 / 這個品牌以其獨特的設計風格獨霸時尚界，吸引了眾多明星效應。 / 在電影產業中，這個公司以其高品質的作品獨霸市場，贏得了觀眾的青睞。 / 隨著這項新技術的推出，該公司獨霸了行業的創新領域，迫使競爭對手重新考慮策略。 / 在體育賽事中，這位運動員的出色表現使她獨霸了奪冠的熱門位置，引發了媒體的廣泛關注。 / 這個娛樂平台因為豐富的內容資源而獨霸了網路影視市場，吸引了大量用戶訂閱。 / 在藝術界，這位畫家的作品以其獨特的魅力獨霸拍賣會，創下了歷史新高的成交額。 / 隨著網路購物的崛起，這家電商平台有效地獨霸了消費者的心智，改變了傳統零售格局。,va-t,獨霸市場 / 獨霸科技 / 獨霸產業 / 獨霸全球 / 獨霸娛樂圈 / 獨霸地位 / 獨霸文化 / 獨霸品牌 / 獨霸經濟 / 獨霸格局,"經, 訂閱, 敵, 奪冠, 影視, 創, 界, 賽事, 成交額, 商"
4605,可載運人、貨物、車輛等過河的船。[例]渡船應常檢修，以保障旅客的安全。,渡船,"A ferry; a boat used to transport people, goods, and vehicles across a river.",可載運人、貨物、車輛等過河的船。,每天都有很多人搭乘渡船來往於河的兩岸，方便了居民的生活。 / 渡船在湖面上平穩地運行，乘客們可以悠閒地欣賞沿途的風景。 / 因為渡船維修，今天的班次全部取消，讓許多旅客感到失望。 / 渡船的所有乘客在出發前都必須繫好安全帶，以確保行程的安全。 / 渡船的司機十分熟練，能夠在惡劣的天氣下安全地將乘客送達目的地。 / 渡船運行時，船員會不時提醒乘客注意腳下的安全，以防意外發生。 / 在節假日，渡船的客流量大增，導致排隊等候登船的人數也隨之增加。 / 渡船上提供了簡單的飲食服務，讓長途旅行的乘客能夠享受美味的餐點。 / 渡船的票價實惠，使得很多學生也選擇這種交通方式前往學校。 / 每當夕陽西下，渡船駛過水面的瞬間，總能勾起人們對過去的美好回憶。 / 渡船服務提高了城市的交通便利性，吸引了越來越多的遊客前來探索這片區域。,n,渡船服務 / 渡船班次 / 渡船安全 / 渡船運行 / 渡船時刻 / 渡船載運 / 渡船事故 / 渡船碼頭 / 渡船乘客 / 渡船路線,"登船, 遊客, 隨, 節假日, 送達, 旅客, 載運, 客流量, 駛過, 勾起"
4606,與眾不同的創造、發明。[例]五權憲法是國父孫中山先生所獨創。,獨創,"Original; Uniquely created or invented, indicating originality and distinctiveness.",與眾不同的創造或發明。,這位畫家的獨創藝術風格，讓他的作品在展覽中格外引人注目。 / 在科技競爭激烈的今天，擁有獨創的發明能讓公司在市場上脫穎而出。 / 他發表的論文中提出了獨創的理論，挑戰了傳統學說。 / 這部電影的獨創劇情設計，使觀眾感受到前所未有的刺激與感動。 / 參加比賽的設計師，紛紛展示出他們的獨創作品，讓評委印象深刻。 / 經過長時間的研究，他終於發明了一種獨創的技術，大幅提升了生產效率。 / 這本書的獨創敘事方式，成功吸引了不同年齡層的讀者。 / 在音樂創作領域，這位作曲家的獨創旋律，讓人耳目一新。 / 這項獨創的社會計畫，旨在幫助弱勢群體重新融入社會。 / 他的攝影作品以獨創的視角捕捉了城市的瞬息變化，廣受好評。 / 這個品牌的獨創理念，不僅提升了產品價值，也塑造了消費者的忠誠度。,n,獨創的理念 / 獨創的設計 / 獨創的作品 / 獨創的思維 / 獨創的技術 / 獨創的概念 / 獨創的藝術 / 獨創的品牌 / 獨創的發明 / 獨創的風格,"旨, 敘事, 評委, 瞬息, 作曲"
4607,監督催促。[例]為降低車禍死亡率，交通單位嚴格督促機車騎士戴安全帽。,督促,To supervise and urge; to monitor and prompt.,監督並催促某人或某事，確保其按照要求完成。,老闆常常督促我們按時完成工作，以提高公司效率。 / 學校會定期督促學生檢查作業，確保他們及時學習。 / 為了提高安全意識，消防局加強督促公眾參加火災演習。 / 領導會督促團隊成員保持良好的溝通，促進合作效率。 / 社區志願者定期督促老年人進行健康檢查，以關心他們的身體狀況。 / 政府督促企業遵守環保法規，以保護我們的生態環境。 / 教練每周督促運動員進行體能訓練，以提高他們的競技水平。 / 在專案會議上，經理會督促成員時刻關注進度，確保按時交付成果。 / 學校的輔導老師會督促學生參加心理輔導，以幫助他們應對壓力。 / 為了促進閱讀風潮，圖書館會定期督促市民參加讀書活動。 / 每位教師都應督促學生遵守課堂規則，以維持良好的學習環境。 / 為確保項目的順利進行，專案經理會嚴格督促團隊成員遵守時間表。,va-t,督促執行 / 督促進度 / 督促員工 / 督促工作 / 督促改善 / 督促進展 / 嚴格督促 / 定期督促 / 督促政策 / 督促遵守,"消防局, 時間表, 體, 競技"
4608,獨力擔當一方的重任。[例]經過一年的磨鍊，他已經可以獨當一面了。,獨當一面,To shoulder a heavy responsibility independently in a specific area.,獨力擔當一方的重任，能夠自己處理困難和挑戰。,經過幾年的實習，這位年輕的醫生終於能獨當一面，獨自處理醫療案例。 / 在項目談判時，他已經能獨當一面，不需要再依賴上司的指導。 / 在這次的領導訓練中，她學會了如何獨當一面，管理自己的團隊和任務。 / 總經理對他的表現十分讚賞，認為他已經具備獨當一面的能力，可以負責更重要的任務。 / 這位老師在教學上表現出色，讓學生們深刻感受到她獨當一面的專業與熱情。 / 經過一年的磨鍊，他已經可以獨當一面，擔任團隊的領導者。 / 在這次的創業計畫中，他成功獨當一面，制定出有效的市場策略。 / 隨著經驗的積累，她已經能獨當一面，解決客戶的各種問題。 / 在緊急情況下，他展現出獨當一面的勇氣，迅速作出明智的決策。 / 公司對他的信任逐漸增加，因為他已經展現出獨當一面的潛力，能夠處理複雜的業務挑戰。 / 在志願服務中，她積極參與，努力讓自己獨當一面，帶領其他志願者完成各項任務。,idiom,獨當一面的能力 / 獨當一面的責任 / 獨當一面的精神 / 獨當一面的挑戰 / 獨當一面的角色 / 獨當一面的任務 / 獨當一面的表現 / 獨當一面的經驗 / 獨當一面的信心 / 獨當一面的機會,"積累, 獨, 磨鍊, 總經理"
4609,監督指導。[例]為了完成任務，他對部屬督導得非常嚴格。,督導,To supervise and guide; to oversee and instruct.,監督和指導他人的工作，確保任務順利完成。,新主管的到來，讓整個團隊在專業的督導下效率提升了不少。 / 在實習期間，導師對我的工作進行了細緻的督導，使我獲益良多。 / 他在專案會議上強調督導的重要性，希望每位成員都能明確自己的任務。 / 為了確保產品質量，工廠經理定期對生產線進行現場督導。 / 處長拍板決定，未來每週都要進行一次團隊督導，以追蹤工作進度。 / 為了提升員工的專業技能，公司的專業督導每月會舉辦一次培訓課程。 / 在學期末，校方會對教師的教學進行督導，以確保教學質量達標。 / 為了順利完成各項任務，專案負責人要求每位成員都接受嚴格的督導與指導。 / 在科研項目中，導師的督導幫助我們避免了不少錯誤，順利推進了研究進程。 / 每年，公司的高層都會進行一次全面的財務督導，以審核各部門的預算使用情況。 / 志工協會的負責人強調，只有通過有效的督導，才能提高志工服務的整體質量。,va-t,嚴格的督導 / 有效的督導 / 專業的督導 / 定期督導 / 課堂督導 / 工作督導 / 督導 / 進度督導 / 銷售督導 / 任務督導,"队, 团, 生產線, 科研, 拍板, 良多, 達, 質量, 標"
4610,確定，有把握。[例]這位候選人平日服務民眾，周到熱心，這次選舉，民調很高，篤定當選。,篤定,Certain; having a high degree of assurance.,確定而且有把握。,經過充分的準備，他對演講的表現篤定無疑。 / 這家公司的新產品篤定會吸引很多顧客的目光。 / 他告訴我，這次考試他篤定能取得好成績，因此心情相當輕鬆。 / 篤定自己的理念，讓她在這場辯論中表現得格外自信。 / 樸實無華的生活讓他篤定明白了幸福的真諦。 / 他們篤定能在比賽中取得勝利，因此積極訓練。 / 經過多次實驗，科學家們篤定這項新技術能夠改變行業格局。 / 她篤定自己的選擇是對的，於是勇敢地追求自己的夢想。 / 在這次會議上，專家篤定提出的方案將改善公司的運效率。 / 篤定的信念讓他在困難面前始終保持堅持。 / 我無法篤定明天的天氣，但我們已準備好所有的應對措施。 / 此次調查結果篤定顯示，顧客對我們的服務非常滿意，讓我們對未來的發展篤定信心大增。,vs-adj,篤定勝利 / 篤定成功 / 篤定目標 / 篤定計畫 / 篤定結果 / 篤定方向 / 篤定選擇 / 篤定信心 / 篤定立場 / 篤定觀點,"華, 運營"
4610,安詳從容、鎮定。[例]當大家慌成一堆時，他卻顯得很篤定。,篤定,Calm and composed; showing a state of tranquility and confidence.,安詳從容，心態鎮定。,即使面對重重困難，他的篤定態度讓團隊重新燃起希望。 / 在演講時，她篤定地闡述自己的觀點，讓聽眾深受感染。 / 遇到突發事件時，他冷靜篤定的反應有效地控制了局面。 / 當朋友對未來感到迷惘時，他篤定地給予支持，幫助大家找到方向。 / 在比賽前夕，教練篤定地鼓勵選手們不要放棄，繼續努力。 / 在與客戶的會談中，他的篤定回應贏得了對方的信任。 / 即使遭遇挫折，她依然篤定地相信自己的夢想能夠實現。 / 當團隊面臨挑戰時，領導者篤定的指示使大家重拾信心。 / 在學習新技能的過程中，他篤定地投入時間，最終獲得了良好成果。 / 隨著時間的推移，他越來越篤定自己的選擇是正確的。 / 對於自己的判斷，他始終篤定，從未因他人的意見而動搖。,vs-adj,自信篤定 / 內心篤定 / 始終篤定 / 非常篤定 / 說話篤定 / 判斷篤定 / 態度篤定 / 意志篤定 / 心態篤定 / 立場篤定,"從未, 重拾, 因, 深受"
4611,僅憑自己的想法決斷事情。[例]他行事獨斷又反覆無常，令人難以忍受。,獨斷,"To make decisions based solely on one's own opinions, often in a domineering or arbitrary manner.",僅憑自己的想法做出決定，通常不考慮他人意見。,他的獨斷行為常常讓同事們感到困惑，因為他不喜歡聽取他人的意見。 / 她的獨斷決定讓整個團隊的計畫都受到影響，大家不得不重新調整方向。 / 在這次會議上，領導者的獨斷發言使得討論氛圍變得緊張，大家都不敢再提出不同的看法。 / 獨斷而偏激的評論讓他在朋友中失去了信任，大家開始不願意與他交流意見。 / 他常常以獨斷的態度來處理問題，這使得團隊合作變得更加困難。 / 他的獨斷判斷讓專案進度大幅延遲，因為他忽視了基層員工的反饋意見。 / 在這次選舉中，某些候選人的獨斷言論引發了公眾的不滿，許多人開始質疑他們的資格。 / 獨斷的管理方式讓公司的氛圍變得壓抑，員工們都不敢表達自己的想法。 / 她的獨斷決策經常導致資源浪費，因為她沒有考慮到實際的需求與情況。 / 在家庭聚會上，長輩的獨斷安排讓年輕人感到無法接受，大家都希望能有更多的選擇。 / 他在社交場合中表現出的獨斷風格，讓許多人對他的個人魅力產生了疑問。,vs-t,獨斷的決定 / 獨斷的行為 / 獨斷的態度 / 獨斷的判斷 / 獨斷的決策 / 獨斷的做法 / 獨斷的領導 / 獨斷的風格 / 獨斷而偏激 / 獨斷的管理方式,"獨斷言論, 反饋"
4612,以毒物或奸計謀害他人。比喻危害團體的人或事。例]歷史書上記載很多忠臣慘遭毒害的故事。,毒害,"To harm or poison someone with malicious intent, often through deceit or treachery.",以毒物或奸計謀害他人，通常比喻危害團體的人或事。,在某些電影中，壞人用毒品來毒害年輕人，讓他們失去理智。 / 在歷史上，有許多忠臣因為政敵的陰謀而被毒害，讓人感到惋惜。 / 社會上有些不法分子利用假新聞來毒害大眾的思想，應該提高警覺。 / 我們要努力消除那些毒害人心的負面消息，讓社會恢復正能量。 / 毒害環境的行為必須受到嚴厲懲處，才能保護我們的子孫後代。 / 近年來，網路上的謠言毒害了不少年輕人的心靈，影響了他們的判斷力。 / 在某些宗教極端團體中，教主的言論常常毒害信徒的思想，使他們遠離現實。 / 有些企業為了牟利，故意隱瞞產品的危害，這樣的行為就像是在毒害消費者的健康。 / 我們需要加強對青少年的心理輔導，以防止外界的毒害影響他們的成長。 / 毒害社會風氣的行為不僅危害他人，也最終會對自己造成無法挽回的損失。 / 作為一名教師，我深知不良習慣的毒害對學生心靈的影響，於是更加重視對學生的品德教育。,va-t/N,毒害他人 / 毒害心靈 / 社會的毒害 / 毒害的事件 / 毒害生命 / 毒害思想 / 毒害的根源 / 在毒害下的社會 / 恶劣的毒害 / 不顧安危毒害他人,"牟利, 恶, 良, 劣, 奸計, 遠離"
4613,指大都市。[例]倫敦是世界首屈一指的大都會。,都會,"A large metropolitan area or city; A hub of economic, cultural, and social activities.",指大城市，人口多，經濟發達，文化交流頻繁。,繁華的都會吸引了許多年輕人追求夢想。 / 在都會裡，人們的生活節奏都會非常快，讓人感受到緊湊的生活壓力。 / 都會區的公園為居民提供了一個放鬆與休憩的好地方。 / 文化活動在都會中層出不窮，讓市民的業餘生活更加豐富多彩。 / 都會的交通系統雖然繁忙，但也方便了人們的日常出行。 / 現代都會生活常常讓人感到壓力，但也提供了無限的可能性。 / 都會的夜生活多姿多彩，吸引了各年齡層的人前來體驗。 / 在都會中，經濟繁榮帶動了房地產市場的快速發展。 / 知名的都會景點，如博物館和展覽館，吸引了眾多遊客前來觀光。 / 都會的居民生活充滿了文化交融，讓人感受到多元的生活方式。 / 隨著科技的發展，都會的創新產業正在重塑城市的經濟結構。,n,現代都會生活 / 繁華的都會 / 都會區的發展 / 都會的交通系統 / 文化的都會 / 都會的夜生活 / 享受都會的便利 / 都會的經濟繁榮 / 知名的都會 / 都會的居民生活,"遊客, 夜生活, 多姿, 出行, 彩"
4614,憎恨他人勝過自己。[例]他才能出眾，有人欽佩，也有人妒忌。,妒忌,"To envy or be jealous of someone, indicating a sense of resentment towards their success or qualities.",對他人的優點或成就感到憎恨，希望自己比他人更好。,當她看到朋友獲得獎學金時，心中不禁產生了妒忌的情緒。 / 妒忌的心理常常讓人難以自拔，影響到人際關係。 / 有時候，妒忌和羨慕之間的界線很模糊，讓人難以分辨。 / 在工作上，她對同事的表現感到妒忌，這讓她的心情變得十分沉重。 / 妒忌的程度隨著他人成功的大小而變化，有時甚至讓人感到窒息。 / 他對朋友的成就感到妒忌，決定更加努力提升自己。 / 妒忌的情緒如果不加以控制，可能會導致不必要的爭執。 / 當她聽到他人讚美她的競爭對手時，心中湧起了一陣妒忌的波潮。 / 妒忌的原因往往源自於對自身不安的焦慮，讓人陷入自我懷疑的漩渦。 / 他發現妒忌的表現影響了他的友誼，於是開始反思自己的心態。 / 妒忌他人的幸福有時會讓我們忽略自身的美好，應該學會珍惜自己擁有的。,n,妒忌他人 / 妒忌的情緒 / 妒忌與羨慕 / 妒忌的心理 / 妒忌的表現 / 妒忌的原因 / 妒忌的對象 / 妒忌的程度 / 妒忌的心情 / 妒忌造成,"自拔, 湧起, 潮"
4615,以薄層的黃金鍍在器物的表面上。有時比喻得到更高的學位或職位後，在社會上更大的名氣或更高的地位。[例]這雖只是鍍金的飾品，但造型十分別緻。,鍍金,To gold-plate; to cover with a thin layer of gold.,以薄層的黃金覆蓋在器物的表面上。有時也比喻得到更高的學位或職位後，社會上獲得更大名氣或更高地位。,這件鍍金的飾品看起來華麗，但其實價格並不高。 / 雖然這是個鍍金的戒指，但他的設計很獨特，值得收藏。 / 最近流行的鍍金首飾，讓許多人愛不釋手。 / 鍍金的項鏈可以讓整體造型更加亮眼，吸引了不少人的目光。 / 聖誕節快到了，鍍金的裝飾品成為了熱門的聖誕禮物選擇。 / 雖然這件物品只是鍍金的，但它展現了工匠精湛的技術。 / 在拍賣會上，那件鍍金的古董吸引了許多收藏家的注意。 / 這款鍍金手錶雖然不是真正的黃金，但卻有著不錯的時尚感。  / 鍍金的家居擺設讓整個空間看起來更為高雅，受到不少客人的喜愛。  / 這種鍍金技術使得普通的首飾變得更有價值，讓人感到驚喜。  / 鍍金的手機殼不僅具有防摔功能，還增添了一絲奢華感，讓人更願意使用。,n,鍍金飾品 / 鍍金技術 / 鍍金效果 / 鍍金的應用 / 鍍金製品 / 鍍金層 / 鍍金表面 / 鍍金裝飾 / 鍍金的價值 / 鍍金工藝,"聖誕, 感, 防, 鏈"
4616,單獨一人居住。[例]他的家人都移民國外，只剩他一人在臺獨居。,獨居,To live alone; to reside in solitude.,單獨一人居住。,她因為工作需要，已經獨居在外面兩年了。 / 他習慣了獨居的生活，感覺非常自在。 / 獨居的時候，她學會了自己做飯和打理家務。 / 雖然獨居有時會感到孤單，但他也享受這段獨處的時間。 / 獨居的環境讓她能夠專心創作，作品的質量因此提升了許多。 / 開始獨居後，他發現自己更加珍惜與朋友相處的時光。 / 獨居讓她有機會反思過去，思考自己的人生目標。 / 儘管獨居的生活有挑戰，但他也從中獲得了許多自主與自由。 / 在這個繁忙的城市中，獨居讓她能夠找到屬於自己的寧靜角落。 / 他每天都花時間閱讀，獨居的生活讓他更深入地探索知識的海洋。 / 獨居讓她與自己對話，這種內心的交流對她的心靈成長非常重要。,va-i/N,獨居生活 / 獨居的老人 / 獨居的方式 / 享受獨居 / 獨居的人 / 開始獨居 / 渴望獨居 / 獨居的環境 / 獨居的選擇 / 適應獨居,"從中, 質量"
4617,,獨具,To possess a unique or distinct quality or characteristic.,獨具是指具備獨特而特別的特質或能力，與眾不同。,這位藝術家的畫作獨具風格，讓人們感受到不同的視覺享受。 / 他的幽默感獨具一格，常常讓身邊的人捧腹大笑。 / 在寫作方面，她獨具的觀點，讓讀者眼前一亮。 / 對於這個問題，他獨具的見解常常引發深入的討論。 / 這家餐廳的菜品獨具風味，吸引了許多食客遠道而來品嚐。 / 這部電影的敘事方式獨具特色，讓觀眾感受到前所未有的視覺驚喜。 / 這位科學家的研究方法獨具創意，對整個領域產生了深遠的影響。 / 他的音樂才華獨具一格，常常創作出動人的旋律。 / 這本書的文筆獨具匠心，讓讀者沉浸在文字的海洋中。 / 這個演講者的表達方式獨具魅力，讓聽眾全程投入。 / 他的領導風格獨具魅力，激勵團隊成員全力以赴追求目標。,vs-t,獨具的特色 / 獨具的風格 / 獨具的魅力 / 獨具的優勢 / 獨具的才華 / 獨具的智慧 / 獨具的能力 / 獨具的創意 / 獨具的貢獻 / 獨具的觀點,"捧腹大笑, 食客, 敘事, 遠道, 匠"
4618,阻塞斷絕。[例]近年強颱日增，澈底整治河川，杜絕水患是當務之急。,杜絕,To eliminate or cut off completely.,阻止某事發生，使其徹底消失。,為了杜絕環境污染，政府制定了一系列嚴格的法規。 / 學校推行垃圾分類的計畫，目的是杜絕浪費資源的情況發生。 / 社區希望透過宣傳，提高居民意識，以杜絕不當行為的發生。 / 為了保障兒童的安全，我們必須杜絕一切潛在的危險。 / 警方加強巡邏，以杜絕街頭犯罪，保障市民的生命財產安全。 / 為了杜絕貪污，政府成立了專門的監察機構來調查和處理相關案件。 / 公共交通系統的升級改造，旨在杜絕擁擠不堪的現象，提高乘客的出行體驗。 / 醫院推行嚴格的衛生措施，以杜絕交叉感染的風險，保障病人的健康。 / 為了杜絕網絡詐騙，資訊局加強了對網絡平台的監管，保護用戶的個人資訊。 / 在企業內部，我們需要建立透明的管理制度，以杜絕腐敗問題的出現。 / 社會各界應共同努力，杜絕種族歧視，促進和諧共處的社會環境。,va-t,杜絕貪污 / 杜絕腐敗 / 杜絕污染 / 杜絕犯罪 / 杜絕流失 / 杜絕風險 / 杜絕暴力 / 杜絕浪費 / 杜絕欺詐 / 杜絕不公,"旨, 警, 監管, 出行, 欺"
4619,特殊的、獨有的門道。[例]這種獨門配方熬的藥，專治各種皮膚病。,獨門,"Unique and exclusive; referring to something that is special or proprietary, often indicating a unique method or approach.",特殊的、獨有的門道。,這家餐廳的獨門醬料，讓每道菜都與眾不同。 / 他在武術上有獨門的練習方法，使他的功夫更加出眾。 / 這位老闆的獨門秘方，讓這家糕點店成為當地的熱門話題。 / 她的獨門設計總是充滿創意，吸引了許多時尚愛好者的目光。 / 這本書介紹了許多獨門的學習技巧，幫助學生更有效率地讀書。 / 他傳授給學生的獨門技巧，讓他們在比賽中脫穎而出。 / 這位廚師的獨門料理方法，讓顧客一次又一次地回來光顧。 / 他的獨門見解，經常引發同行的熱烈討論。 / 這個課程提供獨門的實習機會，讓學員能夠實際應用所學知識。 / 她的獨門育兒經驗，讓許多新手父母感到受益匪淺。 / 這個品牌的獨門配方，使其產品在市場上獨樹一格，深受消費者喜愛。,n,獨門秘訣 / 獨門配方 / 獨門產品 / 獨門技藝 / 獨門措施 / 獨門課程 / 獨門方法 / 獨門經驗 / 獨門設計 / 獨門見解,"獨樹一格, 深受, 獨, 育兒, 受益匪淺, 料, 糕點"
4620,自言自語。[例]他一路上口中唸唸有詞的，不知在嘟囔些什麼？,嘟囔,To mumble or mutter to oneself.,自言自語，通常聲音較小，常帶有不滿或思考的情緒。,她一邊走路一邊嘟囔著，不知道在抱怨什麼。 / 他在房間裡嘟囔著，似乎對這件事情感到非常不滿。 / 這個學生常常嘟囔著，讓老師無法專注於講課。 / 即使他嘟囔的不清楚，大家也都能感受到他的失望情緒。 / 在等待的過程中，她開始嘟囔著自己的計劃，似乎想讓自己冷靜下來。 / 他嘟囔的聲音讓周圍的人感到困惑，不知道他在想什麼。 / 她坐在咖啡廳裡，不斷嘟囔著自己的煩惱，彷彿在與自己對話。 / 在回家的路上，他悄悄嘟囔著，試圖釐清自己的思緒。 / 朋友們聚會時，總有一兩個人嘟囔著，分享他們的奇妙經歷。 / 當他看到不公平的事情時，忍不住小聲嘟囔著，表達自己的憤怒。 / 她的嘟囔聲中似乎帶著些許懷念，讓人想起過去的美好時光。,va-i,嘟囔著話 / 嘟囔不清 / 嘟囔自語 / 嘟囔聲音 / 嘟囔不止 / 嘟囔的聲音 / 嘟囔的話語 / 嘟囔著想法 / 嘟囔的情緒 / 嘟囔不停,"帶有, 忍不住, 自語"
4621,自言自語。如：「她邊走邊嘟噥的抱怨著。」也作「嘟囔」。,嘟噥,"To murmur or mutter to oneself, often in a complaining manner.",自言自語，聲音小而含糊。,她聽到別人說的話後，心裡不滿意地嘟噥了幾句。 / 小孩對著玩具壞掉的聲音不停嘟噥，似乎在要求大人修理。 / 在公交車上，他嘟噥著抱怨為什麼總是這麼晚到家。 / 每次遇到麻煩，她都會一邊工作一邊嘟噥，似乎在尋找解決辦法。 / 朋友之間聚會時，他嘟噥著舊時的回憶，讓大家都忍不住笑了。 / 嘟噥著說出來的話，有時候更像是一種釋放壓力的方式。 / 在長途旅行中，她嘟噥著為什麼車上總是這麼擁擠，讓旅途變得煩躁。 / 夜深人靜時，他常常對著自己的夢想嘟噥，希望能早日實現。 / 隔壁的老奶奶每天都會嘟噥著往日的故事，讓人感受到濃厚的懷舊情。 / 每當遇到不公平的事情，他就會忍不住嘟噥，表達自己的不滿和失望。 / 看著電視新聞，她嘟噥著評論著時事，顯得十分關心社會的變化。,vs-i,嘟噥的聲音 / 嘟噥著說 / 边走边嘟噥 / 忍不住嘟噥 / 嘟噥著抱怨 / 嘟噥不休 / 小聲嘟噥 / 不斷嘟噥 / 嘟噥著自言自語 / 嘟噥的習慣,"边, 的話, 忍不住, 公交"
4622,因不滿或被指責而任性使氣。[例]與父母親賭氣而離家出走，是不對的行為。,賭氣,To act stubbornly or petulantly out of anger or resentment.,因為不滿或被指責而任性使氣。,他因為覺得爸媽不相信他，今天特別賭氣，連晚餐都不想吃。 / 在學校看到同學們嘲笑自己，讓她非常賭氣，決定一個人默默離開。 / 兄弟倆因為小事吵架，弟弟賭氣不理哥哥，結果兩人都感到很不舒服。 / 她賭氣說下次再也不來參加家庭聚會，讓大家都感到很擔心。 / 每當他遇到挫折，就會賭氣不願意尋求別人的幫助，這樣只會讓情況更糟。 / 因為覺得朋友不理解自己，她一時賭氣決定不再和他們聯絡。 / 老闆對他的工作表現不滿，他賭氣辭職，卻後來感到十分後悔。 / 她因為考試成績不好而賭氣，拒絕和任何人談論學校的事情。 / 他們因為一起玩遊戲時出現爭執，導致他們一時賭氣，各自回家了。 / 當聽到同事們在背後議論自己時，他感到非常賭氣，決定不再參加團隊活動。 / 夫妻倆因為琐事發生爭執，妻子賭氣搬回娘家，讓丈夫感到十分擔心。,va-i,兒童賭氣 / 感到賭氣 / 和朋友賭氣 / 因為賭氣 / 賭氣的行為 / 夫妻賭氣 / 賭氣的原因 / 停止賭氣 / 忍不住賭氣 / 一時賭氣,"兄弟倆, 夫妻倆, 搬回, 忍不住, 琐, 理, 氣"
4623,單獨一人。[例]他因為工作的關係，獨身在外，與家人相處的時間很少。,獨身,Solo; being alone or unattached.,單獨一個人，沒有伴侶或家人。,許多獨身的朋友說，獨身的生活讓他們有更多的時間追求自己的興趣。 / 雖然獨身有時會感到孤獨，但也是一個自我成長的好機會。 / 我在獨身期間學會了怎樣照顧自己，這讓我變得更加獨立。 / 獨身旅行時，我遇到了很多有趣的人，讓這段經歷變得非常難忘。 / 他選擇獨身的原因，是希望能專注於自己的事業而不受感情干擾。 / 他喜歡獨身的日子，因為可以隨心所欲地安排自己的時間。 / 獨身的時候，我發現自己能更好地享受安靜的時光，這讓我感到心靈的平靜。 / 雖然獨身生活有時讓我懷念過去的陪伴，但我也學會了珍惜現在的自由。 / 獨身的經歷讓我明白，真正的快樂來自於內心，而不是依賴他人。 / 他常常參加獨身人士的聚會，和大家分享各自的生活故事和心情。 / 獨身的選擇讓我有機會重新思考自己的生活目標，這是一段寶貴的反思期。,n,獨身生活 / 獨身狀態 / 獨身人士 / 獨身旅行 / 獨身的選擇 / 獨身的日子 / 獨身的感受 / 獨身的經歷 / 獨身的孤獨 / 獨身的快樂,"怎樣, 期"
4624,沉迷於賭博的人。如：「你這個賭徒，每天只知道賭，也不管家人的死活。」也稱為「賭鬼」。,賭徒,A gambler; a person who is addicted to gambling.,沉迷於賭博的人，常常忽視家庭和責任。,賭徒為了贏回輸掉的錢，經常會不斷加碼，直到身無分文。 / 他的父母非常擔心，因為他最近開始與賭徒交朋友，影響了他的生活。 / 賭徒的心中充滿了對金錢的渴望，但卻無法擺脫賭博的束縛。 / 他曾經是一位成功的商人，但因為沉迷賭博，變成了人人避之唯恐不及的賭徒。 / 賭徒常常忽視家庭的關係，導致親友對他們失去信心。 / 每當賭徒贏了一筆錢，他們心中都希望能夠繼續這種運氣，卻常常落入更深的泥潭。 / 賭徒經常在夜深人靜時反思自己的選擇，但總是無法抵抗再次賭博的誘惑。 / 他的朋友們嘗試勸他遠離賭徒的生活，但他總是以「我只玩玩」來搪塞。 / 賭徒的債務越來越重，使得他在生活中承受了巨大的壓力和焦慮。 / 他雖然知道賭博會帶來許多麻煩，但心中的賭徒心理讓他難以自拔。 / 每次看到賭桌上的光鮮亮麗，賭徒都忍不住想要再試一次，卻不知道已經陷入了深淵。,n,賭徒的生活 / 賭徒的心態 / 賭徒的行為 / 賭徒的債務 / 成為賭徒 / 賭徒的心理 / 不幸的賭徒 / 賭徒的掙扎 / 賭徒的牢籠 / 賭徒與家人,"交朋友, 分文, 自拔, 忍不住, 落入, 贏回, 避, 泥, 牢籠, 遠離"
4625,獨自享用。[例]好東西要與朋友分享，怎麼可以一人獨享？,獨享,To solely enjoy or benefit from something without sharing.,獨自享用某樣東西，不與他人分享。,在寧靜的山中小屋，他可以獨享閱讀的樂趣。 / 朋友們都願意分享美好的時光，但有時我也渴望獨享靜謐的瞬間。 / 這個沙灘壯麗又人煙稀少，他一個人獨享著海浪拍打的聲音。 / 在派對結束後，她獨享著留在空氣中的那份快樂回憶。 / 她的生日派對上，每個人都祝她快樂，但她更享受獨享那份特別的祝福時刻。 / 假日的早晨，他喜歡在咖啡館獨享一杯香濃的咖啡，讓心靈得到片刻的安靜。 / 在繁忙的生活中，獨享一段午後的悠閒時光對她來說是難得的奢侈。 / 當孩子們入睡後，父母終於可以獨享那段難得的二人世界。 / 旅行時，她特別喜歡在觀景台上獨享這壯觀的日落景色，感受內心的平靜。 / 這部電影的情節深刻，讓他在觀影時獨享思考與感動的體驗。 / 他在家裡獨享著自己烹飪的美食，感受著獨享美食帶來的滿足感。,vp-t,獨享時光 / 獨享美食 / 獨享快樂 / 獨享幸福 / 獨享自由 / 獨享空間 / 獨享風景 / 獨享樂趣 / 獨享假期 / 獨享享受,"午後, 感, 景, 壯麗"
4626,深信、堅信。[例]他對這個消息的真實性，篤信不移。,篤信,To believe firmly and deeply; to have unwavering faith.,深信不疑，對某種信念或想法非常確定。,我們每個人都應該篤信自己能達成的目標。 / 他堅持每天都要鍛鍊，因為他篤信健康的重要性。 / 在朋友的鼓勵下，她篤信自己能克服困難，迎接挑戰。 / 作者在文章中表達了對真相的篤信，呼籲大家關注事實。 / 他篤信教育能改變未來，因此全心投入教學工作。 / 他堅信艱苦的努力會帶來成果，因此每天都全心投入工作，篤信未來定會有所回報。 / 即使遇到困難，他也篤信堅持不懈的努力最終會取得成功。  / 無論外界環境如何變化，她始終篤信自己的價值觀，不輕易動搖。  / 他的家族世代篤信勤勞致富，這種精神激勵著他奮發向上。  / 在信仰的指引下，她篤信生活中充滿了希望和美好。  / 他篤信科學研究的重要性，為了探索未知的領域，持之以恆地投入實驗。,va-i,篤信不移 / 篤信理念 / 篤信真相 / 篤信宗教 / 篤信信念 / 篤信理想 / 篤信價值 / 篤信真理 / 篤信原則 / 篤信未來,"懈, 移"
4627,獨自一人行走，比喻堅持己見行事。[例]深夜應避免獨行，以免發生意外。,獨行,"To walk alone, suggesting a sense of independence or determination.",獨自一人行走，通常比喻堅持己見行事。,獨自一人走路，有時候讓我感到寂寞，但也能享受靜謐的時光。 / 在都市的喧囂中，獨行的旅人常常能夠找到屬於自己的小天地。 / 深夜獨行的時候，我總是保持警覺，以確保自己的安全。 / 獨行的路上，我遇見了許多年輕的背包客，他們的故事總是那麼精彩。 / 獨行的時候，我能自由地決定自己的行程，不必顧慮他人的想法。 / 獨行 explorer 的選擇常常讓我質疑傳統的生活方式，思考真正的自我。  / 獨行於繁忙的街道上，我感受到一種特別的自由，無需受制於他人的步伐。  / 有時候獨行的旅程，讓我發現了隱藏在角落裡的美麗風景，這是與人同行所無法體會的。  / 獨行的心境，使我更加珍惜每一個與大自然親密接觸的瞬間。  / 每當我選擇獨行，心中就會升起一種堅定的信念，告訴自己勇敢面對一切挑戰。  / 獨行的探索讓我學會享受孤獨，也明白了內心的平和才是真正的幸福。,va-i,獨行的旅人 / 獨行者的選擇 / 深夜獨行 / 獨行無畏 / 獨行的勇氣 / 獨行的生活 / 獨行的路 / 獨行的信念 / 獨行其道 / 獨行於世,"升起, 己, 世, explorer"
4628,獨自占有。[例]這是大家公用的東西，你怎麼可以一人獨占？,獨佔/獨占,To monopolize or claim ownership exclusively.,獨自占有某物或某種權利，不讓他人共享。,這家公司在當地的市場上獨佔一方，因此能夠隨意調整價格。 / 他們在這個專利上獨占了十年的使用權，讓競爭對手無法進入這個領域。 / 這個地區的水源被一家企業獨佔，使得居民面臨缺水的困境。 / 某些媒體獨佔了報導的話語權，導致民眾難以獲得全面的資訊。 / 在藝術界，一些知名畫家常常獨佔了展覽的機會，讓新興藝術家難以崭露頭角。 / 這家科技公司獨佔了市場份額，讓其他小型企業難以生存。 / 這個特許經營權被一家公司獨占，使得其他競爭者無法分享這個利潤豐厚的市場。 / 在音樂產業中，某些唱片公司獨佔了熱門歌手的合約，限制了其他公司的發展空間。 / 這個知名品牌獨佔了高端產品的市場，讓消費者的選擇變得相對有限。 / 由於法律的保護，這位作家的作品在相當長的時間內被獨佔著版權，影響了整個文學市場的發展。 / 政府的某些政策使得特定行業能夠獨佔資源，造成了市場的不平衡。,va-t,獨佔市場 / 獨佔資源 / 獨佔利益 / 獨佔權益 / 獨佔地位 / 獨佔市場份額 / 獨佔話語權 / 獨佔風頭 / 獨佔商機 / 獨佔特權,"額, 崭, 營權, 權, 型, 版權"
4629,指毫無事實根據而憑空捏造、虛構。[例]小說中的人物大多是作者杜撰出來的。,杜撰,To fabricate or invent something without any basis in fact; to conjure up or make up.,指毫無事實根據而憑空捏造、虛構。,這部電影的情節大部分都是編劇杜撰出來的，並不反映真實事件。／雖然這個故事聽起來很吸引人，但實際上，他只是杜撰的虛構情節。／新聞報導中出現了很多杜撰的細節，讓人質疑這則消息的真實性。／朋友在聊天時杜撰了一些有趣的故事，逗得大家哈哈大笑。／那個傳聞聽起來十分離奇，幾乎可以確定是某人杜撰的。／小說中的角色大多是作者杜撰出來的，反映了他對人性的深刻思考。 / 網路上常常有一些杜撰的消息，提醒我們要謹慎對待不明來源的信息。  / 在學校的作文比賽中，許多學生選擇杜撰的故事來展現他們的想像力。  / 他聲稱自己有一位杜撰的名人好友，讓人不得不懷疑他的誠實。  / 電視劇的劇情雖然引人入勝，但許多情節都是演員杜撰的，以增加戲劇效果。  / 對於那些杜撰的歷史故事，我們應該保持批判的態度，以免被誤導。,va-t,杜撰的故事 / 杜撰的情節 / 杜撰的角色 / 杜撰的內容 / 杜撰的結果 / 杜撰的報導 / 杜撰的事件 / 杜撰的背景 / 杜撰的情感 / 杜撰的小說,"／, 笑／那, 撰, 友, 杜, 性／朋友, 毫無, 情節／新聞"
4630,事情的頭緒、眉目。[例]這件案子已經微露端倪，離破案之日應該不遠了。,端倪,A clue or indication of the situation.,事情的頭緒或眉目，通常指事情的初步線索或徵兆。,這個問題經過討論後，終於露出了一絲端倪，讓我們能進一步解決。 / 在調查過程中，警方發現幾個可疑的人物，讓案件的真相漸漸顯露端倪。 / 她在市場上偶然聽到一些交易的對話，讓她對這筆生意的背後端倪產生了興趣。 / 他在檢查公司的財務報表時，發現了不尋常的數字，這可能隱藏著詐騙的端倪。 / 透過仔細觀察，科學家終於發現實驗中出現的異常現象，似乎隱含著新的研究端倪。 / 隨著警方逐步深入調查，案情開始清楚的端倪浮現，讓案件迎來轉機。 / 這部電影的情節設置引起了觀眾的好奇，漸漸揭示出角色之間的複雜端倪。 / 在舊書店裡，他發現了一本特殊的日記，裡面似乎藏著歷史故事的端倪。 / 當地居民的口耳相傳，讓這個神秘地方的真實面貌逐漸顯露出端倪。 / 這次會議中，幾位專家的專業意見讓我們對問題的本質有了初步的端倪。 / 透過分析近期的數據趨勢，經濟學家已經察覺到未來市場變化的端倪。,n,微露端倪 / 初現端倪 / 清楚的端倪 / 發現端倪 / 隱約的端倪 / 一絲端倪 / 察覺端倪 / 端倪漸現 / 令人懷疑的端倪 / 知曉端倪,"迎, 微, 警, 濟, 近期, 現"
4631,氣絕身死。[例]他在臨死斷氣之前，仍掛念著年幼的兒女。,斷氣,To be on the verge of death; to lose consciousness momentarily before death.,氣絕身死，指的是人即將死亡或已經死亡的狀態。,在醫院裡，他見到終於重病斷氣的父親，心裡流下了悔恨的淚水。 / 醫生檢查後確定這位老人已經斷氣，家人悲痛欲絕。 / 在戰場上，他的好友不幸斷氣，他一生都無法忘懷那悲慘的瞬間。 / 斷氣前的她，緊握著女兒的手，眼神中充滿了不捨。 / 這隻流浪狗斷氣時，旁邊一直有好心人陪伴著，讓牠不再孤單。 / 值班的護士發現病人已經斷氣，迅速通知了醫生前來處理。 / 在海灘上，他聽到一位老人斷氣的消息，心中湧起無法言喻的哀傷。 / 斷氣的時候，她的心中回想起與朋友的美好回憶，淚水潸然落下。 / 這位藝術家在孤獨中斷氣，留下了無數感動人心的作品和遺憾。 / 當他得知摯友已經斷氣的消息，整個世界似乎都變得黯淡無光。 / 醫生在檢查過後，彷彿也察覺到自己即將斷氣，習以為常的冷漠瞬間變得愁苦。,vp-i,斷氣前的情況 / 斷氣之際 / 斷氣的時候 / 斷氣的瞬間 / 斷氣的過程 / 斷氣後 / 醫生判斷斷氣 / 生命即將斷氣 / 因病斷氣 / 意外斷氣,"言喻, 緊握, 潸然, 因, 友, 湧起, 氣"
4632,,端視,To look at or examine attentively.,端視的意思是以沉著、穩定的心態面對困難或挑戰，並能從容處理。,面對困難的選擇，我們都應該端視其影響，做出明智的決定。 / 當遇到挫折時，端視這些挑戰的過程，可以讓我們學到更多的經驗。 / 這個問題的解決方案端視於我們是否能有效地合作與溝通。 / 在解決衝突時，端視雙方的立場，有助於找到更合適的解決辦法。 / 他常常端視領導的壓力，以冷靜的心態應對各種挑戰。 / 這段關係的未來端視於我們能否坦誠相待，克服彼此的誤解。 / 當處理複雜的項目時，端視每個細節的影響，有助於確保最終的成功。 / 在評估這個計畫的可行性時，我們必須端視市場的變化和需求。 / 端視於我們如何理解這些文化差異，才能更好地進行國際合作。 / 當計劃新的策略時，端視過去的經驗教訓，將對我們的決策大有裨益。 / 他在競爭激烈的環境中，端視為難的挑戰，練就了強大的心理素質。,va-t,端視為難的情況 / 端視的挑戰 / 端視的問題 / 端視的選擇 / 端視為難的原因 / 端視非常難 / 端視的反應 / 端視的影響 / 端視的經驗 / 端視為難的事情,"有助, 能否, 裨益, 相待"
4633,葬送、犧牲。[例]他因吸毒而斷送美好的前途。,斷送,"To sacrifice or ruin, often used to indicate the loss of an opportunity or future.",葬送或犧牲自己的前途、機會或生命。,很多人因為酗酒而斷送了自己的幸福生活。 / 她的父母擔心她交的朋友會斷送她的前途，於是禁止她和那些人來往。 / 如果不珍惜當下的機會，就有可能斷送未來的發展。 / 他因為一次失誤，差點斷送了自己的職業生涯。 / 太過於沉迷於遊戲，會讓年輕人斷送原本美好的青春。 / 他因吸毒而斷送美好的前途。 / 許多人因為追求名利而斷送了與家人之間的真摯關係。 / 過度的焦慮與壓力，常常會讓人斷送本該有的平靜生活。  / 她因為錯誤的選擇，斷送了自己原本輝煌的藝術生涯。  / 不努力學習，就可能會斷送通向理想職業的道路。  / 他們因為輕率的決定，斷送了團隊多年來建立的信任與合作。,vp-t,斷送前途 / 斷送青春 / 斷送生命 / 斷送夢想 / 斷送幸福 / 斷送希望 / 斷送機會 / 斷送未來 / 斷送事業 / 斷送健康,"失誤, 因"
4634,詳細察看。[例]小學同學會時，我端詳了半天，還是想不起對坐的同學叫甚麼名字。,端詳,To examine or look over with care and attention.,詳細察看某物或某人。,在博物館裡，我端詳著古代的陶器，感受到歷史的厚重。 / 她端詳了一下手上的手錶，發現時間已經不準了。 / 每當作畫時，他都會仔細端詳每一個細節，力求完美。 / 深夜，他端詳著那本舊書，裡面每一頁都充滿了故事。 / 老闆端詳著新到的商品，希望能找到合適的價格和質量。 / 這幅畫作需要仔細端詳，才能欣賞到其中的細微之處和意義。 / 在藝術展覽中，我端詳著每一幅畫，企圖理解背後的創作靈感和意圖。 / 他端詳著地圖，希望能找到最快的路線到達目的地。 / 在選擇婚禮的戒指時，她細心端詳每一款，希望選出最完美的象徵。 / 聆聽音樂時，我喜歡端詳每一個音符的變化，感受作曲家的情感。 / 「認真端詳著父母的老照片，我不禁感慨時光的流逝與回憶的珍貴。」,va-t,端詳事物 / 端詳畫作 / 端詳細節 / 端詳周圍 / 端詳環境 / 端詳商品 / 端詳內容 / 端詳特徵 / 認真端詳 / 用心端詳,"物, 厚重, 舊書, 音符, 質量, 作曲"
4635,十分肯定的說。[例]在未查明案情之前，沒有人敢斷言凶手是誰。,斷言,To assert or declare firmly and confidently.,十分肯定地說，通常沒有保留。,「在沒有足夠證據之前，我們無法斷言誰是這起事故的責任人。」 / 這位專家的斷言，讓我們更加信任他對此議題的見解。 / 他在會議上斷言，市場經濟將會面臨重大變化，大家都保持著懷疑的態度。 / 專家不是單憑直覺就能斷言經濟會回暖，需要有數據來支持他的觀點。 / 語言學家斷言，母語的學習對於第二外語的學習具有很大影響。 / 在討論中，她斷言科技的進步將改變未來的工作模式，這引起了廣泛的共鳴。 / 他在研究報告中斷言，氣候變化已經達到臨界點，必須立即採取行動。 / 在這場辯論中，參賽者勇敢地斷言自己的觀點，儘管面對激烈的反對聲音。 / 經過多年的觀察，心理學家斷言，人際關係對於個體的心理健康非常重要。 / 他斷言，這種新療法將徹底改變傳統醫療方式，醫護人員們充滿期待。 / 在這次講座中，老師明確斷言學習語言的最佳時機是年幼時，讓學生們印象深刻。,vp-t,斷言的事實 / 斷言的理由 / 明確斷言 / 不容置疑的斷言 / 可信的斷言 / 積極斷言 / 似是而非的斷言 / 直率斷言 / 斷言是否 / 拒絕斷言,"療法, 臨界點, 暖, 參賽"
4636,整齊、不歪邪。[例]儀容端正、字跡端正,端正,"Neat and upright; tidy, orderly, and not distorted.",整齊而不歪斜。,在考試中，他的字跡端正，讓老師十分滿意。 / 儀容端正的學生在畢業典禮上受到校長的特別表揚。 / 她每天都會花時間練習書法，期望自己的字能夠更加端正。 / 在面試前，面試官提醒所有應徵者要保持端正的外貌和專業的形象。 / 這幅畫的構圖非常端正，讓人感受到一種平衡與和諧。 / 他在演講時，態度端正，讓聽眾對他的話充滿信心和信任。 / 學校要求學生在正式場合穿著端正的服裝，以展現良好的形象。 / 每當她看到朋友的字寫得端正時，總忍不住想要向他請教技巧。 / 他的家裡總是整理得端正有序，讓人感到非常舒適和放鬆。 / 講座快要開始時，主持人在台上提醒大家保持端正的坐姿，以示對講者的尊重。 / 小孩子們在學習畫畫時，老師鼓勵他們把圖形畫得端正，這樣會更具美感。 / 參加比賽的選手們需要注意自己的儀容端正，以展現對比賽的重視。,vs-i,儀容端正 / 字跡端正 / 形象端正 / 態度端正 / 品德端正 / 行為端正 / 裝束端正 / 學風端正 / 言語端正 / 生活端正,"構圖, 示, 忍不住, 試官"
4636,使不歪邪。[例]法院對這次賄選案的判決，有助於端正選舉風氣。,端正,To rectify or correct something that is biased or unjust.,使行為、風氣或事物不歪斜，回歸正確、正當的狀態。,政府推動新政策的目的是希望能夠端正市場競爭的環境。 / 學校舉辦道德講座，旨在端正學生的價值觀和行為準則。 / 媒體在報導事件時應該遵循事實，這樣有助於端正公眾的認知。 / 經常檢討自己的行為，能讓我們更容易端正自己的態度，提升自我。 / 在社會運動中，強調理性和平和的表達方式能夠端正運動的方向與目標。 / 企業透過培訓提升員工的專業素養，期望能端正公司的形象，提高客戶信任。 / 父母應該以身作則，這樣才能端正孩子的價值觀，讓他們在成長過程中學會負責任。 / 在學術界，提升研究的透明度是端正學術風氣的重要一步，以維護學術的真實性。 / 政府加強對環境保護的監管，有助於端正企業的環保責任，促進可持續發展。 / 社區舉辦志願活動，希望藉此端正居民的互助精神，增強社區的凝聚力。 / 定期舉行職業道德培訓，能有效端正員工的職業道德，營造良好的工作環境。,vp-t,端正態度 / 端正道德 / 端正言行 / 端正風氣 / 端正價值觀 / 端正行為 / 端正名聲 / 端正形象 / 端正紀律 / 端正精神,"負責任, 旨, 增強, 歪斜, 監管, 有助"
4637,端正莊重。[例]在公婆眼裡，她是一個賢慧端莊的好媳婦。,端莊,Dignified and composed; having a serious and respectful demeanor.,端正而且莊重，給人穩重的感覺。,她在晚宴上穿著傳統服飾，舉止端莊，讓人留下深刻的印象。 / 在婚禮上，新娘的媽媽端莊地坐在主桌旁，微笑接受親友的祝福。 / 每次參加會議，他總是端莊地發言，讓大家對他的專業性倍感敬佩。 / 學校的畢業典禮上，曾經的校長端莊地回顧了校史，學生們聽得津津有味。 / 她的畫作雖然簡單，但展現出一種端莊的美感，令人讚歎不已。 / 端莊的風範讓她在各種場合都能引起人們的注意。 / 在藝術展覽上，她端莊地介紹作品，讓來賓感受到深厚的文化底蘊。 / 每當交流會議開始，他以端莊自信的姿態，吸引了眾人的目光。 / 這位端莊的老師總是耐心地解答學生的疑問，深受大家的喜愛。 / 參加家族聚會時，她的端莊舉止讓年輕人都感到欽佩和尊重。 / 端莊而優雅的她，總能在繁忙的工作中找到平靜與和諧。,vs-adj,端莊的女子 / 端莊的風範 / 端莊的儀態 / 端莊的形象 / 端莊的神情 / 端莊的舉止 / 端莊的態度 / 氣質端莊 / 端莊大方 / 端莊而優雅,"主, 底蘊, 深受, 校"
4638,層層堆積。[例]桌上堆疊著很多書，只留下一方小小的書寫空間。,堆疊,To stack or accumulate in layers.,層層堆積在一起。,孩子們在遊樂場裡堆疊積木，創造出各種不同的形狀。 / 老師教學生如何堆疊書本，讓書架看起來整齊有序。 / 在派對上，食物一層層堆疊在盤子上，讓人垂涎欲滴。 / 當我清理房間時，發現角落裡堆疊著一堆舊玩具。 / 農場裡，農夫將收穫的水果堆疊在一起，準備運往市場。 / 一堆書堆疊在桌子上，幾乎遮住了我的電腦螢幕。 / 在藝術課上，學生們用顏料堆疊出色彩繽紛的畫作，表達他們的創意。 / 在冬天，雪花一層層堆疊在樹枝上，形成了美麗的雪景。 / 餐廳的甜點櫃子裡，蛋糕和甜點精緻地堆疊在一起，吸引著顧客的目光。 / 在健身房，運動器材亂七八糟地堆疊著，讓人感到無法找到合適的運動空間。 / 物品堆疊在倉庫裡，顯示出這裡的存貨量逐漸增加。,va-t,一堆書堆疊 / 文件堆疊 / 物品堆疊 / 食物堆疊 / 碗盤堆疊 / 材料堆疊 / 玩具堆疊 / 數據堆疊 / 照片堆疊 / 一層層堆疊,"運往, 雪景, 碗盤, 遮住, 顏料, 存貨量"
4639,字數相同，用字互相對仗的兩個句子。[例]鎮長致贈一副對聯祝福這對新人白首偕老。,對聯,A pair of couplets; two lines of poetry with equal number of characters that correspond in meaning and structure.,由字數相同、用字互相對仗的兩個句子組成，通常貼於門口，表達吉祥祝福。,在春節期間，大家都喜歡貼上對聯，為新的一年祈求好運。 / 許多商店都會在門口張貼對聯，以吸引顧客前來購物。 / 老師今天帶學生們練習寫對聯，希望讓他們了解這項傳統文化。 / 在庙会最后一天，主委向前来还愿的乡亲们赠送了一副對聯，盼望家家日日平安。 / 新年期間，社區裡舉辦了對聯比賽，大伙兒都積極參加，期待能得到獎品。 / 家裡的長輩每年都會親手寫一副對聯，傳承這份珍貴的文化記憶。 / 在國慶日的慶祝活動中，人們會掛上充滿愛國情懷的對聯，表達對祖國的祝福。 / 書法家在文藝展覽上展示他的對聯作品，吸引了眾多觀眾駐足欣賞。 / 隨著科技的發展，越來越多的人開始嘗試在網上創作和分享對聯。 / 每到中秋節，村裡的老人們會聚在一起，互贈寫有美好祝願的對聯，增進親情。 / 寫對聯是一門藝術，每個字都需精心考量，以達到對仗和韻律的效果。,n,一副對聯 / 寫對聯 / 張貼對聯 / 新年對聯 / 對聯文化 / 傳統對聯 / 對聯的對仗 / 對聯的韻律 / 貼春聯、貼對聯 / 對聯的寓意,"國慶日, 愿, 乡亲, 家家日, 庙, 赠, 伙兒, 后, 会, 互, 们, 来还, 主委"
4640,將事物層疊累積。[例]這是小弟用積木堆砌起來的城堡。,堆砌,To stack or pile up; to accumulate or layer in excess.,將事物層層疊加，累積在一起。,小孩用彩色積木堆砌出一座高塔，玩得不亦樂乎。 / 房間裡的書本被隨意堆砌在一起，讓整個空間看起來有些雜亂。 / 在這次藝術展覽中，他的雕塑作品是由許多不同的材料堆砌而成，十分引人注目。 / 他在沙灘上堆砌了一個沙城堡，還用貝殼裝飾，顯得格外精緻。 / 這道菜的食材層層堆砌，色香味俱全，讓人忍不住想嘗一口。 / 許多孩子在公園裡堆砌積木，創造出各種有趣的形狀。 / 藝術家以細心的技巧，將顏料堆砌在畫布上，創造出立體的視覺效果。 / 她把心情寫進詩裡，每一句話都像是堆砌的情感，讓讀者感同身受。 / 在這部電影中，角色的命運交織堆砌，展現了複雜的情感與人性。 / 老師引導學生用廢料堆砌成環保藝術品，既創意又富有教育意義。 / 李明在學校的文藝表演中，以堆砌的音樂節奏，帶來了一場精彩的演出。,va-t,一堆積木 / 堆砌模型 / 小孩堆砌 / 堆砌材料 / 用心堆砌 / 堆砌作品 / 緩慢堆砌 / 隨意堆砌 / 不斷堆砌 / 細心堆砌,"既, 廢料, 忍不住, 些, 疊加, 砌, 李明, 顏料, 畫布"
4641,,對望,To gaze at each other or look at one another.,互相望著對方，通常表示凝視或有某種情感。,在那浪漫的夜晚，他們在星空下深情地對望，似乎時間都靜止了。 / 當我與好友重逢時，我們彼此感動地對望，一切都不需要多說。 / 在球場上，隊友們在關鍵時刻專注地對望，默契地決定了下一步的戰術。 / 兩位老朋友多年未見，再次相遇時，驚喜與感慨交織著，彼此靜靜地對望，心中充滿喉嚨的感動。 / 在畫展中，兩位藝術家互相欣賞著作品，偶爾對望，心中充滿了對創作的理解與尊重。 / 在忙碌的咖啡館裡，他們共享那杯熱咖啡，偶爾對望，眼神流露著溫暖的默契。 / 在浪漫的電影情節中，男女主角終於相互對望，瞬間的情感讓觀眾心澎湃。 / 當孩子第一次學會走路時，父母滿是驚喜地對望，眼中閃爍著驕傲與愛意。 / 在寧靜的湖邊，情侶們手牽手靜靜地對望，享受著彼此帶來的安定與幸福。 / 這對老年夫妻在夕陽下對望，彼此的眼神中流露著多年相伴的深厚情感。 / 在畢業典禮上，學生們互相對望，眼中閃耀著期待的對望與對過去的懷念。,va-i,深情的對望 / 甜蜜的對望 / 永恆的對望 / 安靜的對望 / 相互的對望 / 無言的對望 / 期待的對望 / 溫柔的對望 / 目光的對望 / 短暫的對望,"意, 望, 隊友, 畫展, 友, 望無言, 相伴"
4642,實現。[例]他向朋友許下的諾言，不知會不會兌現？,兌現,"To fulfill or realize a commitment, promise, or obligation.",實現所承諾的事情或願望。,為了相信他，喬治花了一年時間努力，才使得這個期望最終兌現。 / 小李承諾會每週幫媽媽掃一次地，這個承諾他到現在仍然持續兌現著。 / 如果我們不努力工作，這些美好的未來夢想就難以兌現。 / 領導者提出的發展計畫必須切實可行，才能在未來準時兌現承諾。 / 在心中默念了一百遍後，她終於兌現了自己的願望，走上了銀幕。 / 他曾經許下的願望能否兌現，讓他在每個生日都充滿期待和不安。 / 這位慈善家承諾每年捐款給弱勢家庭，希望能在長期努力中兌現他的社會責任。 / 朋友之間的信任不能僅靠口頭承諾，必須通過行動來兌現。 / 在經歷了無數挫折後，他的努力終於兌現，獲得了學業上的成功。 / 如果不付出足夠的努力，人生的理想就像泡沫，難以兌現。 / 為了能夠兌現對孩子的承諾，她努力工作，省吃儉用，終於實現了帶全家旅行的夢想。,va-t,兌現承諾 / 兌現願望 / 兌現目標 / 兌現夢想 / 兌現信任 / 兌現期望 / 兌現責任 / 兌現策略 / 兌現計畫 / 兌現利益,"默念, 能否, 期, 喬治, 李"
4642,憑票據向金融機構換取現金。[例]他的戶頭存款不足，支票不能兌現。,兌現,"To cash or exchange a financial instrument, such as a check or a bond, for its value in cash.",憑票據向金融機構換取現金的行為。,他收到的獎金支票需要到銀行兌現。 / 這張支票的兌現期限已過，無法再使用。 / 如果想要迅速兌現現金，可以使用自動櫃員機。 / 他準備了一大堆的舊支票，想要全部兌現一次。 / 我朋友提醒我，月初時一定要去兌現那張大獎支票。 / 銀行的兌現流程相對簡單，只需提供身份證明文件即可。 / 他對於兌現這張支票的要求感到困惑，因為沒有明確的指示。 / 為了避免手續費，我決定在同一家銀行兌現我的支票。 / 雖然這張支票看起來很美，但如果不去兌現，它只是一張紙。 / 她告訴我，至少要提前一天通知銀行，才能順利兌現大額現金。 / 兌現過程中，她發現需要填寫一些額外的表格來確認身份。,vp-t,銀行兌現 / 支票兌現 / 現金兌現 / 兌現期限 / 申請兌現 / 兌現金額 / 兌現流程 / 兌現要求 / 兌現手續 / 兌現渠道,"額, 機, 填寫, 渠道, 同"
4643,針對病症開方用藥。比喻針對問題做有效處理。例]經過醫生對症下藥，病人高燒已退。,對症下藥,"To prescribe the right medicine for an illness based on its symptoms; metaphorically, to address a problem with targeted solutions.",針對病症開方用藥，比喻針對問題做有效處理。,只有了解問題的根本原因，才能夠對症下藥，找到合適的解決方案。 / 企業在面臨困難時，必須對症下藥，調整策略，以適應市場的變化。 / 在學校中，老師需要根據學生的不同需求，對症下藥，提供個別輔導。 / 醫生經過仔細檢查後，為病人對症下藥，開了合適的藥物。 / 政府在制定政策時，應該對症下藥，以滿足民眾的真正需求。 / 在面對環境問題時，科學家們強調對症下藥的重要性，必須針對具體情況提出有效的對策。 / 社會在處理犯罪問題時，警察需要對症下藥，加強巡邏和社區合作，以降低犯罪率。 / 在家庭教育中，父母應根據孩子的性格特點對症下藥，採取適當的培養措施。 / 當企業遇到管理問題時，領導層需對症下藥，制定有效的激勵機制，提升員工的工作積極性。 / 心理諮詢師在幫助客戶時，必須對症下藥，找出情緒困擾的根源，提供適合的輔導方案。 / 對於職場中的人際衝突，HR需要對症下藥，進行調解和培訓，以改善團隊的合作氛圍。,idiom,對症下藥的措施 / 對症下藥的策略 / 對症下藥的方法 / 對症下藥的重要性 / 對症下藥的效果 / 對症下藥的過程 / 對症下藥的調整 / 對症下藥的建議 / 對症下藥的原則 / 對症下藥的評估,"HR, 師, 性"
4644,不鋒利。與「銳」相對。[例]鈍刀、鈍器,鈍,Not sharp; blunt; dull.,不鋒利，與「銳」相對。,這把刀太鈍了，根本切不動肉。 / 我的鉛筆鈍了，需要削一下才能寫出好字。 / 用鈍器打人會造成更大的傷害，應該避免使用。 / 他買的廚具雖然便宜，但刀具都很鈍，使用起來很麻煩。 / 為了安全起見，學校禁止學生攜帶鈍器進入校園。 / 雖然鈍痛讓我感到不舒服，但我還是不想去看醫生。 / 這個鈍器如果不小心掉落，可能會對地面造成損壞。 / 去年我買的那把剪刀變得越來越鈍，幾乎無法剪斷紙張。 / 他腦海中的回憶逐漸鈍化，許多細節已經模糊不清。 / 這種鈍響讓我有些不安，似乎預示著什麼不妙的事情即將發生。 / 這把鈍刀雖然看起來漂亮，但實際使用時讓人失望。,vs-adj,鈍刀 / 鈍器 / 鈍痛 / 鈍感 / 鈍重 / 鈍響 / 鈍視 / 鈍化 / 鈍力 / 鈍財,"財, 化, 銳, 些, 起見, 器, 感, 相, 剪斷, 力, 廚具"
4644,笨拙、反應不靈活。[例]遲鈍、愚鈍、魯鈍,鈍,"Dull; slow-witted, clumsy, or not agile in response.",形容人或物不靈活，反應慢，行動笨拙。,他在比賽中的表現讓人感到有些鈍重，仿佛他的反應速度跟不上局勢的變化。 / 她的想法總是有些才剛開始，但是偶爾會出現鈍化現象，這讓她的朋友們有點無奈。 / 小狗剛學會走路時，總是顯得非常鈍笨，摔了好幾次才慢慢適應。 / 在快節奏的社會裡，越來越多的人感到心智鈍化，思考問題的速度變得緩慢。 / 他經常因為鈍感而錯過朋友們的情感暗示，這讓他的社交生活有些困難。 / 她對這個問題的鈍感反應讓大家感到意外，因為平時她總是那麼敏銳。 / 在學習新技能時，他會因為動作的鈍慢而感到挫敗，總是需要比別人更多的時間來適應。 / 當她聽到那個消息時，反應顯得有些鈍重，似乎還沒有完全理解事情的嚴重性。 / 這部電影的情節發展有點鈍化，讓觀眾感到節奏緩慢，缺乏緊張感。 / 他在團隊合作中的遲鈍行為，常常拖慢了整個進度，讓其他成員倍感焦慮。 / 隨著年齡的增長，他發現自己對周圍事物的感知逐漸鈍化，反應鈍化使得很多細節都變得不再明顯。,vs-adj,遲鈍的反應 / 愚鈍的行為 / 鈍重的思維 / 行動鈍慢 / 鈍感的反應 / 反應鈍化 / 表情鈍化 / 腦袋鈍了 / 鈍化的角色 / 思考鈍化,"愚, 感, 些, 仿佛"
4645,誠懇的催促。[例]導師總是不厭其煩的敦促學生學習功課。,敦促,To urge sincerely and earnestly.,誠懇地催促某人做某事。,老師在會議上敦促同事們加強學校的安全措施。 / 醫生敦促病人定期檢查，以確保身體健康。 / 環保團體敦促政府採取更有效的措施來應對氣候變化。 / 朋友們敦促他多參加社交活動，來減輕工作壓力。 / 競賽前，教練敦促選手們全力以赴，為比賽做好準備。 / 現在是時候敦促學生好好復習，準備即將到來的考試。 / 家長敦促孩子每天讀書，以提高學習成績。 / 社區領袖敦促居民參加清潔活動，改善居住環境。 / 官方敦促民眾遵守交通規則，以減少事故發生率。 / 在經濟論壇上，專家敦促企業加速數字轉型，以適應市場變化。 / 敦促換工作 / 在評估過程中，導師敦促學生表達自己的意見，以促進更好的學習討論。,va-t,敦促學習 / 敦促改進 / 敦促進步 / 敦促行動 / 敦促合作 / 敦促完成 / 敦促注意 / 敦促解決 / 敦促表達 / 敦促回覆,"習, 復"
4646,寬宏厚道。[例]溫柔敦厚、性情敦厚,敦厚,Generous and kind-hearted; characterized by a broad-minded and compassionate nature.,性情寬宏厚道，為人誠懇，不斤斤計較。,他的性情非常敦厚，從不計較別人的過錯。 / 在農村，敦厚的村民們總是熱心幫助有需要的人。 / 結婚前，他的未婚妻就跟家人說過，這個人很敦厚，當然值得托付終身。 / 長輩們常常說，要懂得欣賞那種敦厚的人格與品行。 / 這位老師雖然嚴厲，但其實內心非常敦厚，學生們都很愛戴他。 / 在團隊中，他的敦厚讓大家安心，知道無論遇到什麼困難，他都會支持我們。 / 他敦厚的笑容讓人感到溫暖，仿佛能夠融化心中的寒冰。 / 朋友們都說，我的父親是一位非常敦厚的人，常常把自己的好處讓給別人。 / 每次參加社區活動，總能見到那些敦厚的人，默默奉獻著自己的時間和精力。 / 雖然生活不易，她依然保持著敦厚的心態，對待每一個人都充滿了善意。 / 他的言行讓人感受到一種善良的敦厚力量，讓周圍的人都倍感安心。,vs-adj,溫柔的敦厚 / 性情的敦厚 / 忍耐的敦厚 / 坦率的敦厚 / 善良的敦厚 / 誠懇的敦厚 / 友善的敦厚 / 體貼的敦厚 / 幽默的敦厚 / 真誠的敦厚,"仿佛, 寒, 寬宏"
4647,用來抵禦刀箭、矢石攻擊的防護武器。[例]幸好有盾牌保護，否則他的傷勢恐怕不僅止於此。◎,盾牌,"A shield; a protective weapon used to fend off attacks from knives, arrows, and stones.",用來抵禦刀箭、矢石攻擊的防護武器。,在歷史博物館裡，我看到了古代士兵使用的漂亮木製盾牌。 / 在戰場上，戰士們努力地用盾牌抵擋著箭雨。 / 無論是在電影還是在遊戲中，盾牌總是勇士們不可或缺的武器之一。 / 這面巨大的金屬盾牌，不僅防禦能力強，還能發出令人驚嘆的光澤。 / 我喜歡參加中世紀的嘉年華，因為希臘的戰士會展示他們的盾牌和戰鬥技巧。 / 領隊指揮著隊員們，用盾牌減少敵人的攻擊損失。 / 即使他的盾牌受到嚴重損壞，戰士仍然堅持不懈地保護同伴。 / 在遊戲中，主角的盾牌不僅防禦力強，還能擁有特殊的魔法效果。 / 這位藝術家專門創作以盾牌為題材的雕塑，展現出戰鬥與和平的矛盾。 / 舊城牆上的盾牌雕刻，訴說著這座城市昔日輝煌的戰鬥歷史。 / 當我看到那面古老的鋼鐵盾牌時，心中不禁想像它在歷史長河中經歷的無數戰鬥。,n,一面盾牌 / 鋼鐵盾牌 / 防禦盾牌 / 磨損的盾牌 / 盾牌的功能 / 盾牌與矛 / 盾牌保護 / 盾牌的持有者 / 盾牌製作 / 盾牌的價值,"希臘, 木製, 懈, 矢, 磨損, 鋼鐵, 持有, 嘉年華"
4648,突然了解、領悟。[例]一場大病讓他頓悟健康就是最大的財富。,頓悟,To suddenly understand or realize something.,突然間明白或領會某個道理或事情。,當他細心思考過去的失敗時，終於頓悟到自己缺乏自信才會失敗。 / 這本書讓我頓悟到，友誼的真諦在於彼此的信任和支持。 / 一次深刻的討論讓她頓悟到，人生的意義在於不斷學習和成長。 / 無意間的靈感讓他頓悟到，原來簡單的生活也可以非常快樂。 / 經過長時間的反思，她終於頓悟到，原來家人比工作更重要。 / 一場大病讓他頓悟健康就是最大的財富。 / 在旅行中，他頓悟到世界的美麗在於多樣性與包容性。 / 當老師解釋了這個複雜的問題後，學生們終於頓悟到原來數學並不難。  / 在聆聽老人的故事時，年輕人頓悟到歷史對於當下生活的重要性。  / 一次意外的遭遇讓我頓悟到真愛並不是一帆風順，而是需要共同面對挑戰。  / 經歷了職場的波折後，他頓悟到，唯有堅持自我才能找到真正的職業滿足感。,vp-i,突然頓悟 / 深刻的頓悟 / 生活的頓悟 / 頓悟的瞬間 / 心靈的頓悟 / 重要的頓悟 / 知識的頓悟 / 頓悟到 / 透過頓悟 / 頓悟真相,"而是, 感"
4649,泛指交通工具上控制方向的設備。[例]船舵、升降舵、方向舵,舵,"A rudder; a steering device on a vehicle, such as a ship, used to control its direction.",控制交通工具方向的設備，泛指各種型式。,好舵手能根據風浪的變化，靈活調整舵的方向。 / 這艘新船的舵設計非常先進，能夠在惡劣天氣下保持穩定。 / 船長告訴我們，舵的大小會影響船隻的操控性能。 / 為了提高航行安全，船舶的舵系統必須定期檢查和維護。 / 自動舵的使用讓長途航行變得更加輕鬆省力。 / 在海上航行時，舵的精確調整對於避免碰撞至關重要。 / 舵的材料選擇不僅影響耐用性，還直接關係到船隻的整體性能。 / 他緊握著舵，專注地觀察著前方的海面，隨時準備應對突發情況。 / 訓練有素的水手能夠在短時間內熟悉不同類型的舵操作。 / 為了提升操控穩定性，這艘帆船特別採用了雙舵設計。 / 使用手動舵時，船員需要對於船的速度和風向有清晰的判斷。,n,舵的功能 / 舵的設計 / 舵的操作 / 船的舵 / 舵的維修 / 自動舵 / 手動舵 / 舵的類型 / 舵的控制 / 船舶的舵,"船舶, 性, 緊握, 動舵"
4650,慢步的走來走去。[例]他經常在寢室裡低頭踱步，思考課業上的問題。,踱步,To walk back and forth in a slow and thoughtful manner.,慢慢地走來走去。,她在公園裡踱步，享受著清新的空氣和美麗的風景。 / 下午的時候，他常常在辦公室裡踱步，思考工作的進展和問題。 / 望著窗外的月光，她靜靜地踱步，回想起過去的點滴回憶。 / 在焦慮的等待中，他無意識地踱步，試圖平靜自己的心情。 / 教授在教室裡踱步，講解著複雜的理論，讓學生們更加投入學習。 / 她喜歡在花園裡蹲下來觀察小花，然後繼續踱步，欣賞不同的植物。 / 一邊聽著音樂，他一邊在房間裡踱步，享受著這安靜的時光。 / 當他面對決定時，經常會選擇踱步思考，讓思緒更清晰。 / 在這個陽光明媚的早晨，我們一起踱步，聊天，享受彼此的陪伴。 / 她每天都會在書店內踱步，尋找那些能引發靈感的書籍。 / 他喜歡在湖邊踱步，思索人生的意義，找尋內心的平靜。,va-i,踱步思考 / 踱步沉思 / 踱步等待 / 踱步觀察 / 踱步尋找 / 踱步在夜晚 / 踱步於花園 / 靜靜地踱步 / 踱步放空 / 踱步思索,"望, 放空"
4651,具備多方面的才能和技藝。[例]她不僅彈得一手好鋼琴，又精通書畫，真是多才多藝！,多才多藝,Versatile and talented in many fields.,具備多方面的才能和技藝。,他的朋友不僅會跳舞，還會彈吉他，真是一位多才多藝的人！ / 我喜歡參加藝術工作坊，因為我希望能學習更多多才多藝的技能。 / 多才多藝的家長常常鼓勵孩子們探索不同的興趣。 / 這位多才多藝的作家，不僅寫小說，還會創作詩歌和編劇。 / 我在學校遇到了一位多才多藝的教授，他的課堂上總是充滿驚喜。 / 他是多才多藝的歌手，能夠演唱多種不同風格的音樂。 / 在我們的學校裡，有一位多才多藝的同學，擅長數學與繪畫。 / 這部電影的導演是一位多才多藝的藝術家，既會導演又會剪輯。 / 他的多才多藝讓他在職場上更具競爭力，無論是寫作還是設計，都表現出色。 / 我希望將來能成為一個多才多藝的職業人士，能在不同的領域都有所貢獻。 / 她的多才多藝讓她在朋友中間特別受歡迎，大家都喜歡和她一起分享有趣的活動。,idiom,多才多藝的人 / 多才多藝的藝術家 / 多才多藝的學者 / 多才多藝的孩子 / 多才多藝的朋友 / 多才多藝的才能 / 多才多藝的歌手 / 多才多藝的演員 / 多才多藝的作品 / 多才多藝的技能,"多多, 既, 藝, 工作坊, 剪輯"
4652,形容人感情脆弱，易憂愁傷感。[例]她天生多愁善感，動不動就掉淚。,多愁善感,Sentimental and melancholic; displaying a tendency to be emotional and wistful.,形容人情感脆弱，容易感到憂愁和傷感。,她常常在聽音樂時流淚，讓人感受到她的多愁善感。 / 他喜歡寫詩，經常表達他內心的多愁善感情緒。 / 每當看到舊照片時，她的多愁善感總是浮現出來。 / 多愁善感的人在面對別人快樂的時候，心中會感到莫名的失落。 / 他在看完電影後，忍不住陷入深深的多愁善感，久久不能釋懷。 / 不知為什麼，這個雨天讓他在想起過去的回憶時，感到特別多愁善感。 / 朋友們常說，他的多愁善感使他在聚會上顯得格外突兀。 / 她的日記裡充滿了多愁善感的文字，讓人感受到她的孤獨與思考。 / 無論是靜靜地望著星空，還是閱讀感人的故事，他總是容易陷入多愁善感的情緒中。 / 因為多愁善感，他經常在夜深人靜時，反思自己的人生和夢想。 / 對於一些小事，他的多愁善感讓他感到過度的困擾和不安。,idiom,她的多愁善感 / 他的多愁善感 / 多愁善感的性格 / 多愁善感的人 / 多愁善感的情緒 / 多愁善感的時刻 / 因為多愁善感 / 讓人多愁善感 / 有點多愁善感 / 深深的多愁善感,"望, 多愁善, 知, 雨天, 忍不住, 感, 看完, 安"
4653,繁多、雜亂。晉．傅玄〈吳楚歌〉：「雲無期兮風有止，思多端兮誰能理？」明．余繼登《典故紀聞》卷一四：「內官因有此家產，所以貪婪無厭，姦弊多端。」,多端,Diverse and numerous; referring to a wide variety of issues or problems.,繁多而且混亂。,現代都市生活的壓力來自多端的因素，讓人難以應付。 / 在這個科技快速發展的時代，工作面臨的挑戰多端，要求員工具備更廣泛的技能。 / 社交媒體上的信息多端，讓人難以分辨哪些是可信的消息。 / 環境問題的成因多端，解決這些問題需要全球合作。 / 他在會議上提出的觀點多端，不僅涉及經濟，還觸及社會與文化等層面。 / 學生的需求多端，因此教師必須採用多樣的教學方法來滿足不同學生的學習風格。 / 這部電影的情節發展多端，讓觀眾在每一個轉折處都感受到驚喜。 / 隨著全球化的進程，各國之間的合作機會多端，彼此交流越來越頻繁。 / 家庭的矛盾多端，了解每個成員的想法是解決問題的關鍵。 / 在這場比賽中，選手們面對的策略多端，每個選手都必須靈活應對。 / 這篇文章探討了當前社會的各種多端議題，讓讀者更深入地思考現實問題。,n,各種多端 / 複雜多端 / 多端的問題 / 多端的情況 / 形勢多端 / 狀況多端 / 影響多端 / 方法多端 / 可能性多端 / 事情多端,
4654,形容盛氣凌人，使人驚懼。（咄咄：驚懼之聲。後用來表示氣勢很盛。）[例]行事不可以咄咄逼人，讓人反感。,咄咄逼人,Aggressive and overbearing; describing someone who is acting in a fierce and intimidating manner.,形容氣勢很盛，讓人感到驚懼。,他的態度咄咄逼人，讓在場的人都感到緊張不安。 / 在討論中，她無法忍受對方咄咄逼人的質問，選擇了沉默。 / 他在商業談判時咄咄逼人的語氣，使對方感到受到威脅。 / 咄咄逼人的氛圍讓原本輕鬆的聚會變得緊張，大家都不敢多說話。 / 當老師以咄咄逼人的方式要求學生完成作業時，許多人開始產生抵觸情緒。 / 咄咄逼人的要求讓我們感到壓力山大，無法專心完成自己的工作。 / 他的友人建議他不要咄咄逼人，這樣會影響到他的人際關係。 / 在面對咄咄逼人的媒體，明星們常常選擇保持沉默以保護自己。 / 咄咄逼人的批評讓她感到沮喪，反而無法專注於改善自己的表現。 / 即使在家裡，父母咄咄逼人的期待也讓他感到喘不過氣來。 / 在會議中表現得咄咄逼人，可能會使團隊氣氛變得緊張，不利於合作。,idiom,他的態度咄咄逼人 / 咄咄逼人的言辭 / 咄咄逼人的氛圍 / 眼神咄咄逼人 / 咄咄逼人的表現 / 咄咄逼人的姿態 / 咄咄逼人的要求 / 不喜歡咄咄逼人的方式 / 感覺到咄咄逼人的壓力 / 在會議中表現得咄咄逼人,"抵觸, 氣"
4655,頓足。提起腳用力踏地，為憤怒、不滿、著急等情緒激動的表現。[例]她聽到這場戶外音樂會將取消的訊息，氣得直跺腳。,跺腳,"To stomp or stamp one's foot, indicating anger, dissatisfaction, or impatience.",提起腳用力踏地，通常是因為憤怒、不滿或著急等情緒激動的表現。,當她發現自己忘記帶錢包時，氣得直跺腳，顯得十分不滿。 / 他因為等了太久的班車而心煩意亂，不斷跺腳表達不耐煩。 / 在得知比賽失利的消息後，隊員們默默跺腳，顯示出他們的失落與惋惜。 / 她拿到錯誤的考試成績後，失望地跺腳，無法相信這是自己的努力結果。 / 當孩子們聽說今天的戶外活動被取消時，紛紛跺腳表示不滿。 / 在等待朋友遲到的時候，他無聊得直跺腳，希望能快點出發。 / 聽到自己喜歡的演唱會票賣完的消息，他氣憤地跺腳，表現出失望。 / 為了表達對這次活動安排的不滿，群眾在會場外集體跺腳抗議。 / 當她看到心儀的鞋子在打折時已經賣光了，氣得跺腳，感到非常失落。 / 在得知自己的專案再次被延遲後，他憤怒地跺腳，無法忍受這樣的結果。 / 默默跺腳的她，心中充滿了對未來的不安和焦慮。,va-i,跺腳抗議 / 心煩意亂跺腳 / 生氣跺腳 / 跺腳不滿 / 小孩跺腳 / 群眾跺腳 / 跺腳發怒 / 默默跺腳 / 等不及跺腳 / 悲傷跺腳,"班車, 提起, 賣完, 耐煩, 快點, 氣"
4656,混合使用能傳達藝術、商業或教育等多功能媒體，以達成綜合性的藝術表現。其中媒體包括文字、圖片、照片、聲音、動畫和影片。[例]多媒體的表現手法，使他在廣告界異軍突起，占有一席之地。,多媒體,"Multimedia; A mixed-use platform that combines various forms of media such as text, images, photos, sound, animation, and video to convey art, commercial, or educational content in an integrated manner.",融合文字、圖片、照片、聲音、動畫和影片等多種媒體，能夠傳達藝術、商業或教育等多種功能，達成綜合性的表現。,這次的博物館展覽運用了多媒體的技術，讓參觀者能更加深入了解歷史。 / 多媒體互動設計可以大幅提升觀眾的參與感和沉浸感。 / 在語言學習中，使用多媒體教材可以讓學生更有效地吸收知識。 / 學校引入多媒體教學後，學生們的學習興趣明顯提高。 / 多媒體藝術作品通過結合影像和音效，創造出獨特的感官體驗。 / 多媒體課程的設計使得學習過程更加生動有趣，增強了學生的記憶效果。 / 潮流品牌這次的廣告運用多媒體元素，成功吸引了年輕消費者的注意。 / 在專業會議上，多媒體演示幫助與會者更清楚地理解複雜的數據。 / 隨著科技進步，越來越多的企業開始採用多媒體培訓，以提升員工的工作效率。 / 多媒體展覽不僅展示了作品，還透過互動讓觀眾參與其中，增強了體驗感。 / 這部電影的多媒體應用，讓觀眾在視覺和聽覺上都感受到前所未有的震撼。,n,多媒體藝術 / 多媒體教育 / 多媒體技術 / 多媒體設計 / 多媒體應用 / 多媒體作品 / 多媒體展覽 / 多媒體課程 / 多媒體互動 / 多媒體展示,"演示, 增強, 感, 引入"
4657,光彩耀眼。指顯眼出色，引人注意。[例]他氣質出眾、談吐不凡，即使在宴會中打扮簡樸，依舊耀眼奪目。,奪目,Dazzling; outstanding and eye-catching.,光彩耀眼，特別引人注意。,她在晚會上穿著一件紅色的連衣裙，讓她在眾人中顯得格外奪目。 / 這幅畫的色彩搭配十分和諧，但最奪目的是那抹亮黃色，立即吸引了我的注意。 / 為了迎接新年的到來，街道上的燈飾格外奪目，讓人們感受到節日的喜慶氣氛。 / 這位模特走上伸展台時，身上的珠寶閃閃發光，讓她看起來既奪目又華麗。 / 他在比賽中的表現非常出色，即使對手也不得不佩服他的奪目技藝。 / 她的笑容如同陽光般奪目，瞬間照亮了整個房間。 / 這場煙火表演的色彩變化迅速且奪目，觀眾們不禁發出驚嘆的聲音。 / 這部電影的視覺特效十分奪目，讓觀眾無法從螢幕上移開目光。 / 在這個時尚展覽中，那件飄逸的晚禮服最為奪目，吸引了媒體的廣泛報導。 / 他的音樂才華讓每一場演出都顯得奪目，觀眾們都沉浸在那令人驚艷的旋律中。 / 隨著秋天的到來，公園裡的楓葉變得奪目顏色，吸引了許多遊客前來拍照。,vs-adj,奪目光彩 / 奪目的服裝 / 奪目景象 / 奪目顏色 / 奪目效果 / 奪目表現 / 奪目亮點 / 奪目魅力 / 奪目設計 / 奪目時刻,"既, 遊客, 衣裙, 燈飾, 楓葉, 喜慶, 模特, 效, 驚艷, 移, 引"
4658,災難頻繁。[例]多災多難,多難,Frequent disasters and hardships; characteristic of experiencing numerous calamities.,災難頻繁，總是發生。,這段歷史記載了多少難民逃離戰爭帶來的多難古國？ / 在颶風過後，居民們重建家園的過程真是多難而艱辛。 / 雖然生活多難，但他們依然相互扶持，堅持下去。 / 她分享了自己多難的經歷，讓大家更加珍惜當下的生活。 / 無論生活多難，他們總是能找到希望的火花。 / 在這多難的過程中，他們學會了珍惜彼此的付出與支持。 / 面對多難的挑戰，他們沒有放棄，而是迎頭而上，努力克服。  / 此刻的多難情況讓人們意識到團結的重要性。  / 學校的志願者們在這多難的時期，積極幫助需要援助的家庭。  / 他的詩歌描繪了多難的歲月，讓人感受到深深的同情與理解。  / 在多難的環境中，孩子們的笑聲仿佛成為了最亮的希望。,n,多難的日子 / 多難的生活 / 多難的經歷 / 多難的時期 / 多難的挑戰 / 多難的問題 / 多難的情況 / 多難的故事 / 多難的環境 / 多難的人生,"迎, 而是, 仿佛, 此刻, 古國"
4659,因天氣寒冷或內心恐懼而身體發抖。[例]弟弟因淋雨冷得直打哆嗦，媽媽要他趕緊喝碗薑湯，以免感冒。,哆嗦,"To tremble or shiver, typically due to cold or fear.",因為天氣寒冷或內心恐懼而身體發抖。,外面下著冰冷的雨，人們都瑟縮著身體，忍不住打起了哆嗦。 / 我在午夜森林中迷路，四周黑暗又靜寂，心裡不安得幾乎要哆嗦起來。 / 看到電影裡恐怖的場景，觀眾們都感到一陣寒意，忍不住打了個哆嗦。 / 我的狗因為寒冷的天氣，不停地在門口哆嗦，似乎在要求我們帶它進去。 / 當我站在懸崖邊緣時，腿因為緊張而開始哆嗦，心中充滿了恐懼。 / 風吹得我直打哆嗦，急忙加了件外套才能稍微暖和一些。 / 在冬天的晚會上，大家圍著火堆聊天，但偶爾的寒風來襲，讓我們都不由得哆嗦了一下。 / 當他聽到那個令人心悸的消息時，心裡的恐懼讓他忍不住哆嗦起來，不知道該怎麼面對。 / 雪花紛飛的時候，我們在戶外玩耍，但漸漸地寒冷讓每個人都開始哆嗦。 / 他的手因為緊張而哆嗦，思緒也變得混亂，無法專心於眼前的考試。 / 在寒風刺骨的山頂，我們點燃了營火，但即便如此，我們還是感到冷得哆嗦。,va-i,受到寒冷的哆嗦 / 因為害怕而哆嗦 / 不由自主地哆嗦 / 感到冷得哆嗦 / 一直哆嗦不止 / 哆嗦著身體 / 嚇得哆嗦 / 風吹得哆嗦 / 在雪中哆嗦 / 內心緊張而哆嗦,"打哆嗦, 忍不住, 靜寂, 寒風, 營火, 瑟縮, 心悸, 山頂, 火堆, 來襲"
4660,多疑慮、疑心重。[例]他生性多疑，沒有人願意和他做朋友。,多疑,Suspicious; having doubts or a lack of trust.,性格上對他人或事物有過多的懷疑，疑心重。,我朋友對每個人都很多疑，這讓大家都感到很不自在。 / 在這個合作項目中，老闆多疑的態度讓團隊的氣氛變得緊張。 / 她因為之前的失敗而變得多疑，對新機會總是持懷疑的態度。 / 他的多疑性格讓他無法輕易信任別人，最終孤獨一人。 / 每次收到陌生人的訊息，他都覺得很多疑，擔心可能有詐騙的風險。 / 他的多疑性格讓他經常懷疑朋友的真誠，這使得彼此間的關係變得緊張。 / 她總是對周圍的人過於多疑，這讓她錯過了許多可能的友情。 / 在談判過程中，對方的多疑表現讓我們感到困惑，不知道該如何進一步溝通。 / 縱使大家都對他表達善意，他仍然保持多疑的姿態，無法享受當下的快樂。 / 由於過去的經歷，他對於每次邀約都顯得多疑，懷疑是否會再次受到傷害。 / 他的多疑心理時常讓他無法安心工作，總擔心同事在背後議論他。,vs-adj,多疑的人 / 多疑的性格 / 多疑的態度 / 過於多疑 / 嚴重多疑 / 多疑的心理 / 多疑的情緒 / 多疑的習慣 / 讓人多疑 / 變得多疑,"疑多, 疑"
4661,為害鄉里，欺壓民眾的人。[例]為了扼止日益高張的暴力風氣，警方將全面掃蕩地方上的惡棍、流氓。,惡棍,A villain; a person who harms the community and oppresses the people.,為害鄉里，欺壓民眾的人。,為了維持治安，警方展開行動清除這個地區的惡棍，讓居民們能夠安心生活。 / 政府出台新政策，目的是徹底打擊惡棍的勢力，讓社會恢復法治的秩序。 / 在社區會議上，許多居民分享了與惡棍相處的不愉快經歷，並呼籲加強巡邏。 / 一名勇敢的青年站出來，揭發了惡棍的罪行，激勵更多人勇於對抗不法行為。 / 整個城市都在關注警方對惡棍的打擊行動，希望這能減少街頭暴力事件。 / 市民們要求政府採取更有效的措施來對抗惡棍的侵害，確保社區安全。 / 這部電影講述了一位英雄如何勇敢地對抗惡棍，最終拯救了被欺壓的百姓。 / 惡棍的活動讓許多商家感到憂慮，他們希望能夠得到警方的支持來保護自己的財產。 / 在學校裡，老師們教育學生要警惕惡棍的行為，以增強他們的自我保護意識。 / 社會各界人士聯合起來，發起運動，呼籲大家共同抵制惡棍的影響，重建和諧社會。 / 當地居民組織巡邏隊，積極參與抵抗惡棍的行為，展現了社會的團結與勇氣。,n,一個惡棍 / 惡棍的行為 / 政府打擊惡棍 / 清除惡棍 / 打擊惡棍的行動 / 對抗惡棍 / 恐懼惡棍 / 惡棍的威脅 / 警方掃蕩惡棍 / 惡棍的活動,"增強, 巡邏隊, 鄉里, 警"
4662,壞的結果，不好的下場。[例]自食惡果,惡果,A bad outcome; a negative consequence resulting from one's actions.,壞的結果或不好的下場。,他如果繼續不學習，就會品嚐到成績不好的惡果。 / 如果不尊重環境，最終會面臨氣候變遷帶來的惡果。 / 經常逃避責任的人，最終都會自食惡果，失去工作。 / 他那次的失言讓他遭受到同事們的不滿，果然自食惡果。 / 在運動比賽中不認真訓練，最終只能接受失敗的惡果。 / 如果不遵守交通規則，就會面臨嚴重事故帶來的惡果。 / 總是忽視健康的人，最終必定要承受疾病帶來的惡果。 / 他的貪婪行為最終讓他失去了朋友，果然自食惡果。 / 如果不尊重他人的勞動成果，終究會遭遇信任崩潰的惡果。 / 學習中不夠努力的人，將來必須接受知識匱乏的惡果。 / 他因為過度依賴別人，最終不得不面對失去機會的惡果。,n,自食惡果 / 承受惡果 / 遭受惡果 / 釀成惡果 / 付出惡果 / 品嚐惡果 / 招致惡果 / 產生惡果 / 感受惡果 / 承擔惡果,"釀, 失言, 食, 自食惡果"
4663,壞消息。常用以指親友死亡的訊息。[例]噩耗傳來，聞者莫不悲痛不已。,噩耗,Bad news; often refers to news about the death of a loved one.,壞消息，通常指親友去世的消息。,今天過世的噩耗讓每個人都感到傷心。 / 聽到這位老演員去世的噩耗後，粉絲們紛紛獻上了悼念。 / 噩耗就像一把刀，刻在她的心裡，難以忘懷。 / 突然傳來朋友的噩耗，讓我整個下午都無法集中精神。 / 這個令人震驚的噩耗讓整個團隊都陷入沉默，沒有人再談論工作。 / 在得知事故的噩耗後，大家都感到心情沉重，非常難過。 / 她在收到噩耗的那一刻，眼淚止不住地流下，心中充滿了悲痛。 / 報社發布了關於知名作家的噩耗，讓文學界感到不可思議的震撼。 / 當我把噩耗告訴他的家人時，房間裡瞬間充滿了淒慘的哭聲。 / 噩耗如同陰雲籠罩，讓原本快樂的聚會變得僵硬而沉重。 / 在宣布噩耗後，學校立即啟動了輔導措施，以幫助學生們面對這一重大損失。 / 他悲痛地收到噩耗，無法相信一位摯友竟然如此突然離世。,n,噩耗傳來 / 傳遞噩耗 / 接獲噩耗 / 嚴峻的噩耗 / 悲傷的噩耗 / 獲悉噩耗 / 忽然傳來噩耗 / 面對噩耗 / 深感噩耗 / 悲痛地收到噩耗,"報社, 世"
4664,非常凶惡的樣子。[例]敵人惡狠狠的瞪了他一眼。,惡狠狠,Fierce and menacing; showing great hostility or anger.,非常凶惡的樣子。,他在街上遇到流氓，對方惡狠狠地盯著他，讓他感到非常恐懼。 / 當他知道自己的計畫被揭穿時，惡狠狠地指責了所有人。 / 附近的住戶經常聽見那隻惡狠狠叫聲的狗，實在讓人難以忍受。 / 他雖然平時和藹可親，但一生氣起來，臉色變得惡狠狠，大家都不敢靠近。 / 惡狠狠的風暴將村莊摧毀，居民不得不緊急撤離。 / 當她發現有人私自使用她的照片時，惡狠狠的語氣警告對方不要再這樣做。 / 那位惡狠狠的老師對試卷上的低分感到非常生氣，威脅學生們如果再這樣下去就會重修。  / 在比賽中，對手惡狠狠地盯著他，似乎想要在賽場上絕不留情。 / 她對那個總是搶走她工作機會的同事，發出了惡狠狠的警告，表示不會再忍讓。 / 那隻惡狠狠的野豬在森林裡四處遊蕩，讓附近的登山客感到恐懼和不安。  / 他在社交媒體上看到惡狠狠的批評後，心裡感到一陣不舒服，決定暫時關閉帳號。,vs-adj,惡狠狠的眼神 / 惡狠狠的笑容 / 惡狠狠的聲音 / 惡狠狠的表情 / 惡狠狠的態度 / 惡狠狠的獰笑 / 惡狠狠的語氣 / 惡狠狠的咆哮 / 惡狠狠的威脅 / 惡狠狠的行徑,"搶走, 野豬, 重修, 獰笑, 賽, 試卷, 絕不"
4665,不好的名聲。[例]他奮發向上，努力工作，希望能去除以往流傳在外的惡名。,惡名,A bad reputation; refers to a negative or ill-famed status associated with someone or something.,不好的名聲。,這個城市在過去因為腐敗的官員而擁有惡名，影響了觀光產業的發展。 / 上個世紀戰爭期間，這位將軍因為過度使用武力而留下了惡名，歷史評價相當低。 / 雖然他在社區做了許多好事，但是曾經的惡名仍然讓人們對他心存疑慮。 / 網路上的謠言讓她儘管努力改變過去，卻依然被困在前男友所留下的惡名之中。 / 這家公司因為環境污染問題一再被媒體報導，使它的經營者感到無法擺脫這種惡名。 / 他在黑道上的惡名昭彰，沒有人敢輕易接近他。 / 這位藝人曾經因醜聞而聲名狼藉，但是最近她努力回歸，想要洗刷掉以往的惡名。 / 這個國家因為人權問題而受到國際社會的批評，讓其在外交上不得不面對日益嚴重的惡名。 / 他原本是一位知名的科學家，但因為數據造假事件而一夜之間陷入惡名之中，職業生涯遭受重創。 / 在這個小鎮上，曾經發生的詐騙事件讓某些人蒙上了惡名，影響了整個社區的信任氛圍。 / 儘管他的努力讓企業獲得了一些榮譽，但過去的惡名仍然時常讓合作伙伴感到不安。,n,惡名昭彰 / 惡名遠揚 / 擺脫惡名 / 去除惡名 / 受到惡名 / 揭露惡名 / 養成惡名 / 化解惡名 / 被貼上惡名 / 對抗惡名,"揚, 武, 因, 造假, 惡, 男友, 惡名昭彰, 聲名"
4666,受驚而失神的樣子。[例]對這個突如其來的消息，眾人不禁為之愕然。,愕然,Astonished; in a state of shock or disbelief due to unexpected circumstances.,受驚而失神的樣子。,當她在晚會上突然發表創作詩時，大家都愕然無語，難以相信她的才華。 / 這個令人愕然的消息讓所有同事都感到不安，工作氛圍瞬間變得沉重起來。 / 消息宣布時，所有參會的人都愕然不已，完全沒想到會有這樣的決定。 / 在那場突如其來的地震中，許多人愕然失色，心中充滿了恐懼和不安。 / 聽到他被晉升為總經理的消息，朋友們都愕然不已，因為他從來沒有表現出那麼強烈的事業心。 / 在聽到意外的裁員消息後，當場的每一個人都愕然不已，氣氛瞬間變得緊張。 / 那部電影的結尾揭示了驚人的真相，以至於觀眾們愕然地坐在座位上，久久無法回過神來。  / 當她看到舊友竟然變成了著名演員時，愕然之情溢於言表，完全不敢相信自己的眼睛。  / 在學校的畢業典禮上，校長突然宣佈了一項重大獎學金計劃，讓所有在場的學生感到愕然和欣喜。  / 看到那幅保存完好的歷史畫作，藝術愛好者們愕然震驚，這樣的珍品竟然能夠在私人收藏中出現。  / 聽說他們的城市將舉行大型音樂會時，居民們愕然不已，這消息讓每個人都充滿了期待和興奮。,vs-i,讓人愕然 / 愕然失色 / 愕然無語 / 愕然的表情 / 愕然的反應 / 愕然不已 / 愕然的消息 / 愕然的事實 / 愕然的事件 / 愕然的情況,"友, 總經理, 型, 言, 失"
4667,掐住脖子使致死。後引申指抑制，使其無法生存、發展。[例]你這種作為，簡直是扼殺他的藝術生命。,扼殺,"To strangle or choke, originally meaning to grasp the neck and cause death; by extension, it refers to suppressing or stifling something to prevent its existence or development.",掐住脖子使人致死，後引申為抑制某事物，使其無法生存或發展。,政府過度的管控政策，往往有扼殺創造力的效果。 / 在競爭激烈的職場環境中，過度的壓力會扼殺員工的工作熱情。 / 教育系統如果過於僵化，會扼殺學生的探索精神和創新能力。 / 對於新興產業的過度監管，可能會扼殺其發展潛力，導致經濟活力下降。 / 文化政策如果不夠開放，將會扼殺本土藝術的多元發展。 / 在這種環境下，年輕人的創意和激情常常被扼殺。 / 社會對失敗的嚴厲批評，會扼殺人們重新嘗試的勇氣。 / 批評與指責若過於頻繁，最終會扼殺團隊的合作精神。 / 如果不給予足夠的資源，非營利組織的善舉很可能會被扼殺在萌芽階段。 / 家庭的過度期望，可能會扼殺孩子自由成長的空間。 / 在這種保守的社會氛圍中，年輕人創造新觀念的熱情被扼殺，導致思想的單一性。,va-t,扼殺創造力 / 扼殺夢想 / 扼殺希望 / 扼殺潛力 / 扼殺信心 / 扼殺機會 / 扼殺文化 / 扼殺激情 / 扼殺成長 / 扼殺思想自由,"善, 控, 掐住, 引申, 若, 監管"
4668,用手握腕。表示內心嘆息、惋惜、失意或憤怒等不平情緒。[例]傑出優秀的他不幸遇難，師長們聞之無不扼腕。,扼腕,"To grasp one's wrist, indicating inner sighing, lamentation, frustration, or anger.",用手握住自己的手腕，表示內心的嘆息、惋惜、失意或憤怒等不平情緒。,老師得知學生意外的消息，無不扼腕感慨。 / 在體育比賽中，他的失利讓觀眾們不禁扼腕，感到惋惜。 / 書中的英雄最後犧牲，讀者都扼腕嘆息，難以接受這個結局。 / 朋友失去愛犬的消息傳來，大家都扼腕不已，心中充滿了同情。 / 在電影高潮時，主角的悲劇命運讓觀眾們扼腕。 / 聽說老闆的計畫最終失敗，員工們無奈地扼腕，對未來感到擔憂。 / 那部紀錄片揭示的現實太過殘酷，讓觀眾們扼腕嘆息，無法平靜。 / 歷史課上，講到那場戰爭的慘烈，學生們都不禁扼腕，感嘆和平的珍貴。 / 她的音樂作品被忽視，同行的藝術家們聽後都扼腕，為她感到不平。 / 在閱讀小說時，得知故事主人翁的孤獨旅程，讀者們皆扼腕，心中感到沉重。 / 醫院收到病人不幸去世的消息，工作人員皆無奈地扼腕，感嘆著生命的脆弱，無法改變這一切。,idiom,傷心的扼腕 / 感嘆的扼腕 / 悲痛的扼腕 / 無奈的扼腕 / 單獨的扼腕 / 不甘心的扼腕 / 無助的扼腕 / 嘆息的扼腕 / 焦慮的扼腕 / 心碎的扼腕,"愛犬, 太過, 握住"
4669,不好的行為。如：「他整天在外為非作歹，家人都以他的惡行為羞。」,惡行,Evil deeds; immoral or bad behavior.,不好的行為。,社會大眾應該更加關注和譴責那些危害他人的惡行。 / 今天的新聞報導了不少關於詐騙集團的惡行，讓人心寒。 / 如果不堅決制止惡行，最終將導致無法挽回的後果。 / 許多受害者勇敢站出來，揭露那些長期以來隱藏的惡行。 / 學校定期舉辦講座，教育學生認識惡行的危害，培養正確的價值觀。 / 社會大眾應該更加關注和譴責那些危害他人的惡行。 / 最近的社會調查顯示，許多人對周圍的惡行感到無奈，但又不知如何改變現狀。  / 反對惡行是每一個公民的責任，只有大家共同努力，才能創造一個更安全的環境。  / 在網路上，隨著惡行的增加，許多平台開始加強舉報機制，保護用戶的安全。  / 對於那些屢教不改的惡行，法律應該加重懲罰，以起到震懾作用。  / 每當聽到身邊人的惡行時，我都感到深深的失望，期望能有更多的人站出來反對。,n,惡行深重 / 惡行不端 / 追究惡行 / 譴責惡行 / 制止惡行 / 揭露惡行 / 反對惡行 / 批評惡行 / 遭受惡行 / 悔恨惡行,"報, 知, 寒, 惡, 期, 屢"
4670,語氣惡劣或無禮、辱罵人的話。[例]惡言相向、口出惡言,惡言,"Harsh or malicious words; Referring to speech that is rude, insulting, or abusive.",語氣惡劣或無禮、辱罵人的話。,在討論中，有人口出惡言，使氣氛變得緊張。 / 他們之間的爭執，讓人聽到許多互相的惡言。 / 即使感到憤怒，也不應該發出惡言，這樣只會惹來更多誤解。 / 如果每次出現爭執時都說惡言，我們將無法建立良好的關係。 / 在網路上，很多人喜歡發表惡言，這讓討論變得不愉快。 / 她忍受著同事的惡言，努力保持冷靜和專業。 / 在爭論中，對方突然發出惡言，讓他意識到這已經超越了理性的對話。  / 他們的對話原本很有建設性，但隨著惡言的出現，討論變得毫無意義。  / 見到朋友被惡言攻擊，我決定站出來為她辯護。  / 有時候，無法控制情緒會導致我們說出不該的惡言，讓事情變得更糟。  / 在這種情況下，即使對方出現惡言，我們仍然要嘗試保持理智和尊重。,n,口出惡言 / 攻擊性惡言 / 聽到惡言 / 發出惡言 / 惡言相對 / 惡言相向 / 反擊惡言 / 忍受惡言 / 被惡言攻擊 / 清楚聽到惡言,"無禮, 毫無"
4671,切中要點、掌握重點。[例]簡單扼要,扼要,Concise and to the point; covering the essential aspects without unnecessary detail.,切中要點，掌握重點。,他在會議上扼要地介紹了項目的進展情況。 / 作為一名優秀的記者，應該學會扼要而清晰地傳達資訊。 / 這篇文章的扼要內容讓我迅速了解了事件的全貌。 / 扼要的報告中包含了主要的數據和結論，方便大家理解。 / 在讀書時，我喜歡在每一章的扼要中摘錄重要的觀點。 / 扼要的要點可以幫助我們更快地抓住主題的核心。 / 在這次演講中，她扼要地列出了未來計畫的幾個關鍵步驟。 / 將複雜的信息扼要總結，對於提高工作效率十分重要。 / 老師要求學生在期末報告中扼要地描述所學的主要知識點。 / 這本書的扼要章節為忙碌的人提供了快速了解內容的機會。 / 在討論中，他扼要地提出了幾個重要的反饋意見，促進了決策的效率。,vs-t,扼要的內容 / 扼要的結論 / 扼要的報告 / 扼要的介紹 / 扼要的分析 / 扼要的描述 / 扼要的信息 / 扼要的論點 / 扼要的要點 / 扼要的意義,"反饋, 期末"
4672,動物名。爬蟲類鱷目。體型龐大，外形似蜥蜴，吻長而廣，齒銳，鱗甲堅硬，四足均有蹼。卵生。平時喜棲沼澤中，靠身體擺動及尾部拍擊在水中前進。性情凶猛，以魚、鳥、哺乳類等小型動物為食。產於熱帶及亞熱帶地區。依嘴形大致可分為寬吻鱷、球吻鱷及長吻鱷。　△鱷魚　◎,鱷魚,A crocodile.,動物名。爬蟲類，屬於鱷目。體型龐大，外形似蜥蜴，吻長而廣，齒銳，鱗甲堅硬，四足均有蹼。卵生。平時喜歡棲息在沼澤中，靠身體擺動和尾部拍擊在水中前進。性情凶猛，以魚、鳥、哺乳類等小型動物為食。主要分布在熱帶和亞熱帶地區。依嘴形大致可分為寬吻、球吻和長吻三種。,鱷魚的皮膚非常堅硬，可以抵禦許多天敵的攻擊。 / 在熱帶雨林中，鱷魚常常潛伏在水邊，靜靜等待獵物靠近。 / 鱷魚的尾巴非常有力，能夠幫助它快速游泳。 / 孩子們在動物園看到鱷魚時，都感到又驚又喜。 / 鱷魚是冷血動物，它們需要陽光來調節體溫。 / 當鱷魚張嘴時，可以清楚地看到它那鋒利的牙齒，讓人不寒而栗。 / 鱷魚通常在傍晚出動，以避免白天的高溫。 / 在非洲的河流中，鱷魚常常被稱為“水中的霸主”。 / 鱷魚的繁殖期一般在春夏之交，這時候它們會築巢產卵。 / 鱷魚有著非常敏銳的視力，能夠在水面下輕易發現獵物。 / 一隻鱷魚在陽光下曬著乾，整個過程顯得悠閒而自在。,n,一隻鱷魚 / 鱷魚的牙齒 / 大鱷魚 / 鱷魚的棲息地 / 殘忍的鱷魚 / 鱷魚的卵 / 鱷魚捕食 / 被鱷魚攻擊 / 鱷魚的身體 / 鱷魚在水中游,"依, ”, 擺動, 鱷目, 蹼, 型, 蜥蜴, 拍擊, 驚, 栗, “, 齒, 分為, 張嘴, 形, 寒, 非洲, 喜, 亞熱, 繁殖期, 銳, 食, 雨林, 爬蟲, 足, 築巢, 捕食, 哺乳, 產卵"
4673,阿附諂諛。[例]他為了升遷，對上司阿諛諂媚，實在讓人不齒。,阿諛,"To flatter and ingratiate oneself, often in a sycophantic manner.",奉承他人，迎合他人的意見和需求，以獲得利益或好感。,他總是對有權勢的人阿諛奉承，以期能獲得更多的好處。 / 在會議上，有些人不惜使用阿諛的手段，來討好管理層。 / 她的阿諛行為讓人感到反感，大家都希望她能真誠待人。 / 阿諛的心態讓他在職場上孤立無援，最終也沒有得到想要的升遷。 / 雖然他表面上受到大家的歡迎，但實際上，很多人都知道他的阿諛諂媚並不真誠。 / 她在工作中經常阿諛上司，讓同事們對她的職業道德產生了質疑。 / 他常常使用阿諛的話語來掩飾自己的失敗，試圖在同事面前維護自己的形象。 / 在社交場合，這種阿諛的態度雖然能暫時逗笑，但卻無法贏得真正的友誼。 / 阿諛的方式雖然在短期內看似有效，但長遠來看卻損害了她的職業聲譽。 / 大家都知道，那些只懂得阿諛奉承的人，往往難以在團隊中建立真正的信任。 / 當他意識到阿諛的行為只會讓自己陷入更深的困境時，已經為時已晚。,va-t/N,阿諛奉承 / 阿諛者 / 阿諛的行為 / 阿諛的心態 / 阿諛的態度 / 阿諛的手段 / 阿諛的方式 / 阿諛上司 / 阿諛的話 / 阿諛諂媚,"感, 援, 看似, 短期"
4674,困苦的遭遇。[例]他相信只要努力，總有一天一定可以解除厄運。,厄運,A difficult or unfortunate situation; a circumstance marked by hardship or adversity.,困苦的遭遇或不幸的境遇。,他在商業上遭遇厄運，決定重新考慮他的投資計畫。 / 她相信努力工作可以幫助她擺脫生活的厄運。 / 他經歷了一段時間的厄運，但仍然保持樂觀的心態。 / 這次的比賽失利讓他感受到厄運的壓力，但他不會放棄。 / 她在旅途中遭遇了厄運，卻意外發現了友誼的珍貴。 / 面對厄運，他選擇了不斷學習，期望未來能夠改善自己的處境。 / 他認為，每個人都會經歷一些厄運，重要的是如何從中學習和成長。 / 在社交生活中，她感到厄運重重，但依然努力尋找支持的朋友。 / 即使生活帶來厄運，他仍然相信明天會更好。 / 這部電影描繪了一個英雄在厄運中奮鬥的感人故事。 / 他經歷了一場厄運，但心中始終懷抱希望，期待轉機的到來。,n,一場厄運 / 遭遇厄運 / 面對厄運 / 擺脫厄運 / 避免厄運 / 承受厄運 / 厄運的考驗 / 厄運的影響 / 厄運重重 / 厄運不斷,從中
4675,阻止。[例]他的見義勇為，遏止了一場悲劇的發生。,遏止,To stop or prevent something from occurring.,阻止某件事情發生或繼續進行。,政府必須採取有效措施，才能遏止貪腐現象的擴散。 / 為了維護社會安全，警方加強巡邏以遏止非法交易行為。 / 教育部推出新政策，希望能夠遏止青少年沉迷網路遊戲的問題。 / 社會各界應該共同努力，才能有效遏止暴力行為的發生。 / 在面對疫情時，專家們呼籲大家遵守防疫措施，以遏止病毒的傳播。 / 各國領導人會議上強調，合作是遏止氣候變遷的關鍵。 / 為了防止水資源枯竭，當地政府已經制定計劃以遏止過度開發的問題。 / 醫療機構加大對公共衛生的投入，以遏止傳染病的蔓延。 / 媒體應該負起責任，幫助遏止假新聞的擴散，保護社會信任。 / 社區組織積極舉辦講座，旨在提高人們的意識，以遏止環境污染的行為。 / 在科技發展迅速的今天，企業需要謹慎行事，以遏止潛在的數據安全風險。,va-t,遏止暴力行為 / 遏止犯罪率 / 遏止流行病 / 遏止貪腐現象 / 遏止社會不安 / 遏止傳染病 / 遏止毒品交易 / 遏止環境污染 / 遏止恐怖活動 / 遏止惡性增長,"負起, 防疫, 旨, 警, 惡, 疫情, 加大, 腐"
4676,施予他人或接受他人的情誼、好處。[例]在我有生之年，必定報答他當年給我的恩惠。,恩惠,Favor or kindness bestowed upon others.,施予他人或接受他人的情誼和好處。,我時常感受到朋友無私施予的恩惠，讓我倍感幸福。 / 每個人都應該學會珍惜與回報他人對我們的恩惠。 / 在困難時期，社會上好心人的恩惠讓我深感溫暖和希望。 / 他的恩惠如同一盞明燈，在我迷失方向的時候給予我指引。 / 這位慈善家默默無聞地施予恩惠，讓無數家庭重新看到生活的希望。 / 很多時候，恩惠是無法用金錢來衡量的，它更多地體現在感情和關懷之中。 / 我希望能夠將自己得到的恩惠，傳遞給更多需要幫助的人。 / 回想到過去朋友們的恩惠，我心中充滿感激，決心不辜負他們的期望。 / 社會的進步離不開每一份小小的恩惠，正是這些善意的舉動凝聚了人心。 / 有時候，恩惠來自意想不到的地方，讓我學會了感恩與包容。 / 在這次志願者活動中，我感受到團隊合作帶來的恩惠，讓我倍感振奮。,n,一份恩惠 / 得到恩惠 / 施予恩惠 / 感謝恩惠 / 珍惜恩惠 / 報答恩惠 / 恩惠的來源 / 施恩惠於人 / 對恩惠的感激 / 享受恩惠,"施, 明"
4677,恩惠、深厚的情義。[例]父親至今仍不忘當年同袍冒死搭救的恩情。,恩情,"Favor or kindness received, especially from someone in a position of power or influence.",恩惠和深厚的情義。,她一直記得朋友在困難時刻給予的恩情，因此時常主動關心對方的近況。 / 在社會上，許多志願者默默奉獻自己的時間和精力，讓我們感受到了人間的恩情。 / 他對老師多年的教導和關懷心存感激，常常提到要好好回報這份恩情。 / 不管生活多麼忙碌，他始終不會忘記父親在小時候對他的寵愛和教育所帶來的恩情。 / 在節日裡，感謝信是他表達對曾經幫助過自己的人的恩情和尊重的方式。 / 他的成功不僅是自己的努力，還得益於母親攜帶著深厚恩情的支持與鼓勵。 / 每當回到故鄉，他總是特意去拜訪那些曾經伸出援手的鄰居，以表達他對他們恩情的感激之情。 / 在生命的旅程中，有許多人用他們的恩情溫暖了他的心，使他更加珍惜當前的幸福。 / 老闆的恩情讓她在職場上有了更多成長的機會，於是她決定更加努力工作來回報這份厚愛。 / 即使時間過了很久，他仍然會在心中默念那些曾經幫助過他的人的名字，以此來銘記恩情。 / 無論生活遇到什麼困難，他都相信朋友的恩情會讓他找到解決問題的勇氣和力量。,n,父親的恩情 / 感恩的恩情 / 報答恩情 / 珍惜恩情 / 不忘恩情 / 銘記恩情 / 深厚的恩情 / 衷心的恩情 / 感激的恩情 / 受惠於恩情,"情義, 默念, 報, 益, 銘記"
4678,對自己有恩惠的老師的敬稱。[例]今日我有如此成就，完全是靠恩師當年的教誨。,恩師,A revered teacher who has bestowed恩惠 (grace or favor) upon their students.,對自己有恩惠的老師的敬稱。,在我心中，恩師的音容笑貌永遠難以忘懷。 / 如果沒有恩師的細心指導，我今天不可能有這樣的成就。 / 每逢教書日，我都會在心裡默念恩師的教誨，並告訴自己要努力向上。 / 恩師的教導不僅影響我的學業，也深深塑造了我的為人處世。 / 在我遇到困難的時候，恩師總是耐心地教導我，讓我重新找回自信。 / 在人生的每一個重要時刻，我都能感受到恩師的祝福與支持，這讓我倍感珍惜。 / 我的恩師經常鼓勵我追求夢想，讓我在困境中看到希望的曙光。 / 即使畢業多年，恩師的教誨依然如春風化雨，滋潤著我的心田。 / 恩師在課堂上傳授的知識，使我對這個世界有了更深的理解與探索。  / 每當我回想起恩師的悉心教導，心中總是充滿了感激與敬佩。  / 恩師的榜樣力量激勵著我，讓我在職場上勇敢面對挑戰，不斷追求卓越。,n,我的恩師 / 感謝恩師 / 恩師的教誨 / 恩師的鼓勵 / 恩師的指導 / 恩師的關心 / 尊敬的恩師 / 恩師的影響 / 恩師的教導 / 恩師之恩,"春風, 恩, 貌, 默念, 找回, 音容, 敬"
4679,施恩賞賜。[例]大自然的一切都是造物者的恩賜，我們應當好好珍惜。,恩賜,To bestow grace or favor; an act of kindness or charity.,施予恩惠和賞賜的行為或狀態。,大自然的一切都是造物者的恩賜，我們應當好好珍惜。 / 在我看來，友誼是一種無形的恩賜，讓人生充滿了溫暖與支持。 / 這位長者的智慧就像是一種恩賜，讓年輕人們受益良多。 / 在困難的時刻，朋友的幫助就是一份珍貴的恩賜。 / 我們應該學會感恩，因為生活中有許多看似平常但實則珍貴的恩賜。 / 在我們的生活中，父母無私的愛是一種無價的恩賜，值得我們永遠珍惜。 / 每一次成功的經歷，都是過去努力的恩賜，讓我更堅定追逐夢想的信念。 / 這本書帶給我深刻的啟發，真是一份知識的恩賜。 / 在每個日出日落之間，時間的流逝恰似一種隱秘的恩賜，提醒我們珍惜生命的每一刻。 / 尊重他人也是一種恩賜，讓我們的關係更加和諧與美好。 / 生活中的每一次挑戰，都是成長的恩賜，讓我更懂得珍惜身邊的人與事。 / 健康的身體是人生最大的恩賜，我們應當用心去維護與照顧。,n,自然的恩賜 / 上天的恩賜 / 美好的恩賜 / 生命的恩賜 / 幸福的恩賜 / 健康的恩賜 / 知識的恩賜 / 愛的恩賜 / 珍貴的恩賜 / 感恩的恩賜,"看似, 恰似, 造, 者, 良多, 實則, 隱秘"
4680,恩惠與仇怨。多偏指後者。[例]我們之間的恩怨，就此一筆勾消，不再舊事重提。,恩怨,A combination of gratitude and grievances; referring more to the latter.,恩惠與仇怨。一般來說，多指後者。,過去的恩怨早已不再影響我們之間的友誼。 / 他們之間的恩怨糾葛讓周圍的人感到困惑。 / 為了和平，我們應該將舊有的恩怨一筆勾消。 / 這部電影探討了家族之間的恩怨和和解的過程。 / 在社會上，很多人都希望能解除恩怨，以促進更好的合作。 / 他們兩家之間的恩怨已經持續了幾十年，似乎沒有 reconciliation 的可能。 / 為了孩子的將來，我們不得不放下過去的恩怨。 / 雖然歷史上的恩怨難以忘懷，但新一代人希望能創造不同的未來。 / 每當談起過去的恩怨，氣氛總是變得異常緊張。 / 恩怨情仇在這個小鎮上如影隨形，影響著每個人的生活。 / 他們之間的恩怨雖然複雜，但最終還是選擇了和解，讓人感到欣慰。,n,解除恩怨 / 解決恩怨 / 消除恩怨 / 恩怨情仇 / 恩怨糾葛 / 恩怨不清 / 相互恩怨 / 恩怨兩清 / 恩怨交織 / 恩怨難解,"怨, 情, 解, 談起, 早已, 消, reconciliation"
4681,「二」的大寫。[例]貳佰元,貳,"The uppercase form of the numeral '二'; Used in financial contexts to represent the number 2, as in '貳佰元' (two hundred dollars).",「二」的大寫。,今天的報告中提到，公司的收入增加了貳十萬元。 / 在商業合同中，金額常常用貳的形式來避免錯誤。 / 如果這筆借款是貳佰元，那麼利息會是多少呢？ / 他們計劃購買貳套新設備來提升生產效率。 / 在旅行中，當地貨幣的面額通常以貳為單位，方便計算。 / 如果貳次面試後還沒有得到通知，應該主動聯絡公司詢問進度。 / 這個月的支出達到了貳千元，讓我必須重新考慮預算。 / 在學校的競賽中，得獎的學生會獲得貳獎學金作為鼓勵。  / 他告訴我，這筆貳萬元的贈款將用於慈善事業。  / 貳道選擇讓我們在面對困難時有更多的解決方案。  / 在這次調查中，研究人員發現了貳類產品的需求明顯上漲。,num,貳佰元 / 貳千元 / 貳拾元 / 貳次機會 / 貳次事件 / 貳種情況 / 貳道選擇 / 貳面證據 / 貳層樓 / 貳類產品,"貳佰, 貳拾, 面額, 佰, 借款"
4681,重複。[例]不遷怒，不貳過。,貳,To repeat or do something again; to have a second occurrence.,重複同樣的錯誤或行為。,她在選擇職業時不貳意，訴說著她對未來理想的堅定與執著。 / 他曾經因為貳心而錯過了多次升遷的機會，讓他十分後悔。 / 如果你在關於感情的決定上貳意不明，可能會傷害到彼此的感情。 / 在會議上，他表達了自己不貳的立場，希望團隊能朝著同一方向努力。  / 一旦做出承諾，就應該全心全意去實踐，不可貳心。  / 她在人際關係中表現得十分果斷，讓周圍的人都感受到她不貳的真誠。  / 他在投資方面不貳路，專注於研究一個方向，以期獲得更好的回報。  / 學校鼓勵學生對自己的選擇不貳看待，勇敢追求自己的夢想。  / 在志願服務中，她始終如一，讓大家感受到她對公益事業的不貳投入。  / 對於這個重要的決策，他表示不貳懷疑，堅信這是最好的選擇。  / 隨著時間的推移，她對自己的專業不貳心懷，努力提升自己的技能與知識。,vp-t,不貳過 / 不可貳心 / 貳心不定 / 貳念浮動 / 貳意滿盈 / 貳途而行 / 貳而不自覺 / 貳志未卜 / 貳心重重 / 貳而不意,"盈, 意, 定, 途, 貳意, 貳志未卜貳, 同, 行貳, 全心全意, 心懷"
4682,用以引誘、誘捕的事物。[例]香餌、魚餌、吏餌,餌,Bait or lure used to attract or entice; often used in the context of fishing or trapping.,用來引誘或誘捕的事物。,釣魚的時候，選擇合適的魚餌非常重要，這樣才能吸引到魚。 / 我在市場上看到新鮮的魚餌，決定買一些回家釣魚。 / 小孩用麵包屑作為餌，想要吸引附近的小鳥過來。 / 這種香餌可以有效引誘到不想進入陷阱的小動物。 / 道路旁的野生動物經常被投放的餌吸引，這樣會增加事故發生的風險。 / 捕鼠的時候，常用的餌料是花生醬，效果相當不錯。 / 賞鳥的愛好者經常使用特製餌，希望能吸引到稀有的鳥類光臨。 / 這款高效餌在測試中，能夠迅速引誘到多種魚類，受到漁民的喜愛。 / 在夜晚露營時，我們用香餌來吸引夜行的動物，增添了野外探險的樂趣。 / 這種誘餌不僅能吸引魚類，還能引來其他水生生物，非常適合釣魚愛好者使用。 / 這位專業漁夫總是隨身帶著各種魚餌，以應對不同的釣魚環境。,n,魚餌 / 活餌 / 鳥餌 / 香餌 / 捕鼠餌 / 誘餌 / 特製餌 / 常用餌 / 高效餌 / 餌料,"麵包屑, 誘捕, 魚餌, 誘餌, 效, 料, 引, 捕, 花生醬"
4683,今後、從此以後。[例]這教訓使他爾後的人生觀有了重大改變。,爾後,From now on; henceforth; in the future.,今後、從此以後。,這次的經歷讓他爾後更加珍惜身邊的人。 / 爾後的生活中，他每天都會花時間閱讀，以增進自己的知識。 / 經過一番考慮，爾後他決定重新規劃自己的職業生涯。 / 爾後，她的朋友們發現她對生活的態度有了顯著的變化。 / 經歷了這次挑戰，爾後他們的團隊合作更加默契。 / 這次旅行讓她爾後對文化交流產生了更深的興趣。 / 爾後，他開始注重身心健康，定期參加運動。 / 在經歷了困難的時期後，他爾後學會了如何調整自己的情緒。 / 爾後的日子裡，她每週都會寫日記，記錄自己的心路歷程。 / 爾後，他們的學校也開始重視心理健康教育，幫助學生更好地面對壓力。 / 爾後的計畫中，這個團隊決定嘗試新的市場策略，以吸引更多客戶。,adv,爾後的生活 / 爾後的決定 / 爾後的計畫 / 爾後的態度 / 爾後的人生 / 爾後的經歷 / 爾後的改變 / 爾後的目標 / 爾後的期待 / 爾後的發展,身心健康
4684,不說第二句話。表示乾脆、爽快。如：「他二話不說，一口應允下來。」,二話不說,To speak without reservation; to respond immediately and decisively without hesitation.,不說第二句話，表示做事乾脆爽快。,"當朋友需要幫助時，他總是二話不說就伸出援手。 / 老闆提出升職的建議，她二話不說便答應了。 / 在遇到困難的時候，他二話不說就站了出來，願意分擔我的壓力。 / 不管多忙，遇到需要協助的同事，她總是二話不說就過去幫忙。 / 當討論到公益活動的計畫時，他的支持立刻讓大家感受到他二話不說的熱情。 / 二話不說的行動常常讓人感受到他對友誼的珍惜。 / 當團隊需要加班準備報告時，所有成員二話不說都自願留了下來。 / 在意見發生衝突的時候，他二話不說便提出了一個折衷的解決方案，讓大家都滿意。 / 對於那些需要照顧的小動物，她二話不說就決定收養幾隻。 / 每當父母有什麼需要時，他總是二話不說就回家幫忙。 / ""為了實現夢想，她二話不說直接報名參加了那個挑戰性的課程。""",idiom,二話不說直接 / 二話不說答應 / 二話不說拒絕 / 二話不說接受 / 二話不說走人 / 二話不說一口 / 二話不說行動 / 二話不說的態度 / 二話不說的決定 / 二話不說幫忙,"升職, 出來"
4685,所見所聞和過去完全不同而有一種新奇、清新的感覺。[例]主講人風趣、豐富的演講內容，令全場聽眾耳目一新。,耳目一新,A refreshing and novel experience that contrasts sharply with the past.,所見所聞與過去完全不同，讓人感到新奇和清新。,這部電影的情節設計非常巧妙，令觀眾有種耳目一新的感覺。 / 他們的音樂風格融合了古典和現代元素，讓人耳目一新。 / 這次藝術展覽中的作品，顛覆了傳統觀念，讓每位參觀者都感到耳目一新。 / 下午茶的甜點選擇多樣，特別是那道創新的抹茶蛋糕，真的讓人耳目一新。 / 朋友旅遊時拍攝的照片別具一格，讓我的旅遊計劃耳目一新。 / 老師這次的課程內容設計耳目一新，讓學生們更加投入學習。 / 這家餐廳的新菜單融合了各國風味，讓食客享受到耳目一新的美味體驗。 / 她的小說情節出人意料，跌宕起伏，讓讀者有種耳目一新的感覺。 / 科技公司的新產品發布會，展示了許多前所未見的創新功能，讓與會者耳目一新。 / 這場戶外音樂會的表演陣容獨特，選曲也很新穎，讓所有觀眾耳目一新。 / 最近的 TED 演講中，有位演講者提出的觀點非常獨特，聽完後使我耳目一新。,idiom,耳目一新的感覺 / 讓人耳目一新 / 耳目一新的體驗 / 內容耳目一新 / 想法耳目一新 / 演講耳目一新 / 設計耳目一新 / 創意耳目一新 / 觀點耳目一新 / 故事耳目一新,"出人意料, 耳目一新耳目一新, 食客, 宕, 別具, 聽完, 午, TED"
4686,常常聽到，非常熟悉，所以能詳盡的說出。[例]小紅帽是大家耳熟能詳的童話故事。,耳熟能詳,Well-known and familiar due to frequent hearing; able to recount in detail.,常常聽到某事，因此非常熟悉，能夠詳盡地說出來。,每個春天來臨時，耳熟能詳的春天的故事總令我們想起美好的回憶。 / 老師在課堂上講述的歷史事件，讓學生們聽得耳熟能詳，並鼓勵他們思考過去的教訓。 / 知名歌手的新專輯裡，收錄了幾首耳熟能詳的經典老歌，讓人感到懷舊。 / 耳熟能詳的名言激勵著我們在困難時刻，勇敢面對挑戰。 / 每當聽到那首耳熟能詳的旋律，我就不禁想起童年的快樂時光。 / 這部電影中的對話十分耳熟能詳，讓觀眾感到情感上的共鳴。 / 在社交場合，大家討論的話題經常是那些耳熟能詳的時事熱點，讓人感到熟悉又親切。 / 每當讀到那些耳熟能詳的詩句，我的心中總是湧起一股感動。 / 在博物館裡，耳熟能詳的藝術作品背後故事讓參觀者更加欣賞藝術的美。 / 職場上，同事們分享的成功案例，讓我們獲得耳熟能詳的經驗教訓。 / 在兒童節慶祝活動中，耳熟能詳的童謠帶給孩子們無限的樂趣。,idiom,大家耳熟能詳的童話 / 耳熟能詳的歌曲 / 很多耳熟能詳的名言 / 耳熟能詳的成語 / 耳熟能詳的名曲 / 常常耳熟能詳的段子 / 耳熟能詳的故事情節 / 耳熟能詳的經典 / 耳熟能詳的歷史事件 / 耳熟能詳的廣告語,"段子, 名曲, 湧起, 童謠"
4687,耳提，揪著對方耳朵提醒；面命，當面告訴。耳提面命形容對人懇切教誨、叮嚀。語本《詩經．大雅．抑》。[例]教練在選手即將進場比賽前，仍不忘耳提面命一番。,耳提面命,"To earnestly instruct and advise someone, often implying a sense of urgency and importance.",耳提者揪著對方的耳朵提醒，面命者當面告訴。這個成語形容對人懇切教誨和叮嚀。,在學校的家長會上，老師耐心耳提面命地告訴家長們如何輔導孩子的學習。 / 母親總是耳提面命地叮囑我注意安全，特別是在外面的時候。 / 在比賽前，教練耳提面命地提醒選手要保持冷靜和專注。 / 每次家庭聚會，爺爺都會耳提面命地分享他的生活經驗，讓我們有所啟發。 / 為了讓新員工能夠更快適應，公司老闆耳提面命地指導他們工作中的每一個細節。 / 耳提面命叮囑孩子們要珍惜時間，努力學習。 / 每當我遇到困難，朋友總是耳提面命地鼓勵我不要放棄。 / 在講座上，專家耳提面命地強調環保的重要性，希望大家能積極參與。 / 父親耳提面命地教導我如何理財，以便我未來能夠管理好自己的錢。 / 每次去爺爺的農莊，奶奶都會耳提面命地告訴我農作的技巧和注意事項。 / 老師在課堂上耳提面命叮嚀學生們要注意身體健康，保持良好的生活習慣。,idiom,耳提面命教育 / 耳提面命叮嚀 / 耳提面命提醒 / 耳提面命訓話 / 耳提面命告誡 / 耳提面命建議 / 耳提面命用心 / 耳提面命關懷 / 耳提面命精神 / 耳提面命方式,"命, 農作"
4688,聽說。[例]陳博士才智雙全，我早已耳聞。,耳聞,Heard; to have heard about something from others.,聽說某事或某人，通常不是親自經歷，而是從他人那裡得知。,我耳聞這家餐廳的料理非常好吃，所以下次要來嘗試看看。 / 這個消息我早已耳聞，沒想到今天竟然會親自遇到這個人。 / 近日耳聞這部電影的評價不錯，計畫這周末去看。 / 在社交場合中，我常常耳聞各種商業機會，真希望能找到合適的合作夥伴。 / 我耳聞這位藝術家的作品在拍賣會上賣出了天價，實在令人驚訝。 / 壞消息耳聞，這家公司即將裁員，讓員工們都感到緊張不安。 / 眾人耳聞他即將閉關創作，期待他能推出更多優秀的作品。  / 她最近耳聞有一個新的音樂節要舉辦，打算帶朋友一起去參加。  / 我早已耳聞這位作家的小說非常感人，今天終於有時間可以閱讀了。  / 這個事件耳聞後引起了廣泛的關注，大家都在討論其可能的影響。  / 方才耳聞他獲得了這項國際獎項，真心為他的成就感到高興。,va-i/N,我耳聞 / 早已耳聞 / 近日耳聞 / 耳聞目睹 / 壞消息耳聞 / 好消息耳聞 / 眾人耳聞 / 非常耳聞 / 方才耳聞 / 屢次耳聞,"而是, 閉關, 早已, 近日"
4689,孩子們的遊戲。比喻輕率、不鄭重。例]孩子們都愛玩扮家家酒的兒戲。,兒戲,A child's game; a metaphor for frivolity and lack of seriousness.,孩子們的遊戲。比喻行為輕率，不夠認真。,他們以為抗疫只是兒戲，結果病毒大爆發讓大家都受害了。 / 這項工作關乎公司的前途，如果你把它當作兒戲來做，後果將不堪設想。 / 在討論重要問題時，不能抱著玩兒戲的心態，否則會影響決策的質量。 / 他們看待這次比賽的態度讓人失望，似乎把所有的努力都當作兒戲。 / 認為友誼是兒戲的人，往往在關鍵時刻會讓人失望。 / 在這個團隊中，有人把合作當作兒戲，導致項目進度一再延誤。 / 他們以為處理財務問題只是兒戲，結果公司遭受了巨額損失。 / 對於這份報告，我希望大家不要抱著兒戲的心態，這將直接影響我們的專業形象。 / 如果把學習視為兒戲，就無法在考試中取得理想的成績。 / 這場談判關乎雙方的未來，任何一方都不應將其視為兒戲。 / 她對待這段感情的輕率態度，讓我感到我們的愛情像是兒戲一般。,n,兒戲的事情 / 兒戲的行為 / 把事情當作兒戲 / 認為是兒戲 / 兒戲的表現 / 把問題當作兒戲 / 不當的兒戲 / 兒戲的態度 / 玩兒戲的心態 / 對待事情像兒戲,"玩兒, 疫, 戲, 巨額, 質量, 抗"
4690,在耳邊低聲說話。[例]那對情侶彼此輕聲耳語，狀甚親密。,耳語,To whisper or speak softly in someone's ear.,在耳邊低聲說話，通常是為了讓他人聽不見。,在圖書館裡，學生們必須輕聲耳語，以免影響其他人讀書。 / 聽到他們在耳邊耳語，我不禁好奇他們在討論什麼秘密。 / 那對情侶在公園裡輕聲耳語，看起來十分甜蜜。 / 她們在角落裡耳語，似乎在分享什麼有趣的八卦消息。 / 在課堂上，學生們不時低聲耳語，討論著老師講解的內容。 / 知道他們的計劃後，我也忍不住想要與好友耳語分享這個消息。 / 在晚會上，許多人一邊欣賞表演，一邊低聲耳語，互相交流著感受。 / 在咖啡廳裡，兩位老友坐在一起，時而耳語，回憶起往昔的點滴。 / 休息時間，員工們在辦公室裡耳語，討論著即將到來的團建活動。 / 他們在派對上悄悄耳語，似乎在策劃著什麼驚喜給其他朋友。 / 兩個小孩在遊樂場裡興奮地耳語，分享著各自的冒險故事。 / 在書店的角落裡，幾位讀者低聲耳語，推薦著彼此喜歡的書籍。,va-i,低聲耳語 / 輕聲耳語 / 悄悄耳語 / 彼此耳語 / 在耳邊耳語 / 隱秘耳語 / 面對面耳語 / 朋友耳語 / 情侶耳語 / 鬼鬼祟祟耳語,"建, 忍不住, 友, 隱秘"
4691,大發脾氣。[例]這項計畫案頻出紕漏，老總正在會議室內對相關人員發飆。,發飆,To lose one's temper and express anger in a loud and aggressive manner.,大發脾氣，通常因為不滿或壓力而表現出來。,他的孩子在超市裡不聽話，讓他忍不住當場發飆。 / 老闆今天心情不好，看到員工的錯誤後直接對他們發飆。 / 她對朋友的無理要求發飆，因為這種事已經不是第一次發生了。 / 在球賽中，教練對球員的表現非常失望，結果當場對他們發飆。 / 他發飆的原因是因為工作壓力大，回到家仍然無法放鬆心情。 / 昨天晚上，她突然發飆，因為老公又忘記關燈。 / 當聽到學生考試成績不理想時，老師忍不住對他們發飆。 / 朋友之間的小爭執，讓他一時情緒失控，竟然當場發飆。 / 下班時，遇到交通堵塞讓他心煩意亂，結果對同事發飆。 / 週末聚會上，當她看到那個老朋友再次失約時，竟然對大家發飆。 / 發現家裡的寵物又搞破東西，他無奈而怒火中燒，對牠發飆。,va-i,發飆的理由 / 和...發飆 / 總是發飆 / 不要發飆 / 經常發飆 / 當場發飆 / 突然發飆 / 對...發飆 / 讓人發飆 / 發飆的原因,"忍不住, 飆, 無理, 失, 關燈"
4692,法令上所規定的特定範圍。[例]法定程序、法定年齡、法定代理人,法定,Legal; prescribed or stipulated by law.,法律上所規定的特定範圍。,根據法律規定，法定婚齡在臺灣是十八歲。 / 法定假日的休息安排應提前公佈，以方便民眾做計畫。 / 在法律上，法定繼承人擁有優先取得遺產的權利。 / 政府對於法定最低工資的調整，每年都會進行評估和公告。 / 如果沒有遵循法定程序，任何決策都可能被視為無效。 / 根據法律，法定代理人必須在未成年人的重要決策中提供必要的協助。 / 在企業中，法定帳簿的管理對於財務審計至關重要，以確保合規性。 / 所有員工都有權享受法定休假，以促進工作與生活的平衡。 / 法定環境保護標準的實施有助於減少企業對自然資源的過度開發。 / 學校必須遵守法定課程要求，以確保學生獲得全面的教育。  / 任何對於法定合約的變更都需經雙方同意，否則無法生效。,vs-adj,法定年齡 / 法定程序 / 法定代理人 / 法定假日 / 法定責任 / 法定婚齡 / 法定繼承 / 法定工作時間 / 法定標準 / 法定措施,"婚齡, 有助, 審計, 經, 權, 無效, 合規, 帳簿"
4693,發布指示、命令。[例]這個企劃案由他負責統籌並發號施令。,發號施令,To issue instructions or orders in an authoritative manner.,發布指示或命令，通常由負責人進行。,經理在會議中發號施令，要求各部門加快專案進度。 / 在演習中，指揮官發號施令，每個隊伍都必須迅速反應。 / 當危機發生時，領導者必須果斷發號施令，以避免混亂。 / 在學校裡，老師發號施令，提醒學生要遵守課堂規矩。 / 在志願活動中，負責人發號施令，統籌各項工作以提高效率。 / 在大規模活動中，發號施令的方式必須清晰明確，以確保參與者能夠迅速理解和執行。 / 在公司的團隊建設活動中，主管發號施令，鼓勵員工積極參與並展現創意。  / 在運動比賽中，教練發號施令，指導選手們調整戰術以爭取勝利。  / 每當新政策出台時，部門主管都會發號施令，以確保員工遵守新的操作流程。  / 在緊急救援任務中，指揮官發號施令，確保每個成員都能有效地執行任務。  / 在家庭聚會的準備中，家長們發號施令，分配各自的任務以確保聚會順利進行。,idiom,發號施令的時機 / 發號施令的方式 / 發號施令的對象 / 發號施令的內容 / 發號施令者 / 發號施令的目的 / 清楚的發號施令 / 有效的發號施令 / 須要發號施令 / 合理的發號施令,"須要, 加快, 指揮官"
4694,心裡不安、著急或驚慌。[例]逛廟會時小弟不小心走失了，媽媽發慌的到處找尋。,發慌,"To feel anxious, flustered, or panicked.",心裡不安、著急或驚慌。,在考試的時候，如果遇到不會的題目，他就會心裡發慌，不知該怎麼辦。 / 看到朋友摔倒，她立刻跑過去，雖然心裡有點發慌，還是想要幫助他。 / 在人潮擁擠的市場裡，小孩一不小心走失，媽媽發慌地四處尋找。 / 她剛剛接到一個緊急的工作電話，心裡發慌，怕自己無法及時完成任務。 / 在面試過程中，他突然聽到有問題問到自己的弱點，立刻發慌，不知該如何應對。 / 當她發現自己忘記帶報告時，心裡發慌，迅速想辦法回家取。 / 他在聚會上看到一位不熟悉的老闆，心裡發慌，不知道該如何開口交流。 / 這個新環境讓她感到不安，心裡發慌，總是擔心自己會做錯事。 / 當電腦突然當機，工作還沒保存時，他立刻發慌，試圖尋找解決辦法。 / 旁邊的狗突然吼叫，他心裡發慌，擔心自己會被牠攻擊。 / 在聽到那個不好的消息後，他心裡發慌，不知道該如何安慰朋友。,vs-i,心裡發慌 / 忽然發慌 / 看到...發慌 / 因為...發慌 / 發慌的時候 / 發慌的表情 / 突然發慌 / 人們發慌 / 不知道怎麼辦而發慌 / 讓我發慌,"機, 摔倒, 知"
4695,興起、得志、顯達。[例]他因工作勤奮，又有貴人相助而得以發跡。,發跡,To rise in rank and fortune; to become successful or prominent.,興起、得志、顯達。,他長期投資於新創企業，終於在科技產業發跡，變得相當成功。 / 雖然出身貧寒，但他憑藉著不懈的努力，終於在商業界發跡，創立了自己的公司。 / 他在音樂創作上展現了天賦，經過多年的磨練，最終在樂壇發跡，受到廣泛關注。 / 她的朋友們一路支持著他，讓他在藝術界發跡，獲得了不少獎項。 / 他們的故事告訴我們，只要有夢想和努力，就一定能在自己想要的領域發跡。 / 他常常思考如何發跡，最終決定投資自己的時間學習一門新技能。 / 成功的秘訣在於把握機會，他在海外工作期間發跡，結識了許多重要的人脈。 / 她在體育領域的才華不容小覷，經過艱苦的訓練，最終在奧運賽事中發跡，成為了金牌選手。 / 這部電影的導演從小就有拍攝的夢想，終於在影壇發跡，創作出令人矚目的作品。 / 透過參加各種比賽，他逐漸在科技創新領域發跡，獲得了不少獎學金和資助。 / 在社交媒體上，這位年輕的作家憑藉著獨特的文風迅速發跡，吸引了大量的粉絲。,va-i,發跡的機會 / 發跡的潛力 / 發跡之路 / 發跡的故事 / 如何發跡 / 努力發跡 / 發跡的過程 / 發跡的經歷 / 發跡的條件 / 發跡的目標,"覷, 寒, 懈, 顯, 創, 奧運, 期, 影壇, 達, 賽事, 樂壇"
4696,指佛法的力量。後泛指神奇的力量。[例]這位高僧的法力深不可測。,法力,"The power of Buddhist teachings; originally referring to the strength of Buddhist law, it later broadly denotes miraculous or supernatural power.",指佛法的力量，後來泛指神奇的力量。,古時候，許多傳奇故事中都描繪著法力高強的仙人。 / 這位魔法師的法力似乎能夠瞬間變化天氣。 / 他的法力來自於多年的修行和沉思，充滿智慧和能量。 / 在月圓之夜，法力的潮汐更加強烈，許多妖怪都會出來活動。 / 有人傳言，藏在古老書卷中的咒語擁有無窮的法力，可以改變一切。 / 他施展法力，讓枯萎的植物重新蓬勃生長。 / 在這個村莊中，老者的法力被視為保護大家的神秘力量。 / 通過觀察自然，修煉者能夠將法力運用到生活的各個方面。 / 這個傳說中的寶物據說擁有強大的法力，能夠實現任何願望。 / 法力的來源往往與個人的經驗和內心的修練息息相關。 / 在神話故事裡，勇士的法力與他的勇氣和信念密不可分。,n,強大的法力 / 一種法力 / 深不可測的法力 / 法力的來源 / 施展法力 / 增強法力 / 修煉法力 / 法力的存在 / 法力的影響 / 法力的傳說,"古時候, 出來, 增強, 月圓, 潮汐, 測, 師"
4697,身體組織感覺麻木。[例]趴在桌上睡，容易使手臂的血液循環不佳而發麻。,發麻,To feel numb in the body.,身體組織感覺麻木，通常由於血液循環不良或神經受壓引起。,她的腳在長時間跷腿後感到有些發麻，必須活動一下。 / 每當他遇到緊張的事情，手指偶爾會發麻，讓他更感焦慮。 / 她在冬天的早晨外出時，手指因為寒冷也發麻了。 / 他坐在沙發上看電視很久，覺得腰部有些發麻，不得不起來活動一下。 / 這個姿勢待久了，頸部也開始發麻，需要調整一下坐姿。 / 凌晨起床時，她的腿發麻，讓她不得不多停留在床上。 / 在健身房裡做重訓後，他的手臂感到有些發麻，覺得應該好好拉伸一下。 / 她在電腦前工作超過三小時，眼睛也感到有點發麻，必須要休息一下。 / 車禍後，他的右手經常發麻，這讓他感到非常不安。 / 長時間彈吉他讓他的手指發麻，必須稍作休息來恢復感覺。 / 每次去美容院做指甲時，她的手指也會因為長時間不動而發麻。 / 在高海拔的地方爬山時，他的雙腳因缺氧而感到發麻，這讓他有些擔心。,va-i,手指發麻 / 腳趾發麻 / 身體發麻 / 不舒服發麻 / 突然發麻 / 連續發麻 / 睡眠發麻 / 嚴重發麻 / 減少發麻 / 感覺發麻,"右手, 雙腳, 腳趾, 因, 些, 良, 感, 重訓, 跷, 氧"
4698,首先起事、行動。[例]陳勝、吳廣首先發難，反抗秦朝的暴政。,發難,To initiate a rebellion or action first.,首先起事或行動。,當社會不公時，果敢的人總會首先發難，呼籲改革。 / 在學校裡，學生們發現不合理的規定後，立即一起發難，要求校方重新考慮。 / 歷史上，許多勇敢的領袖在面對腐敗政權時，都曾首先發難，激勵民眾起義。 / 面對環境污染的問題，環保團體首先發難，揭露企業的不法行為。 / 政府的政策若不合理，民眾的反應會非常激烈，並可能立即發難。 / 在職場上，當員工發現不公的待遇時，往往會一起發難，尋求改善方案。 / 在這次娛樂圈的醜聞中，記者們首先發難，揭露真相，引起了廣泛的關注。 / 當經濟危機來臨時，專家學者會立即發難，警告政府採取緊急措施以穩定市場。 / 在體育賽事中，運動員們若感受到不公平的裁判，經常會選擇當場發難，爭取應有的權益。 / 在公共安全事件發生後，市民們會迅速發難，要求相關部門加強管理，保障生活環境。 / 對於不道德的商業競爭，商會成員會首先發難，推動行業自律和規範發展。,va-i,首先發難 / 大家發難 / 一起發難 / 共同發難 / 突然發難 / 發難的理由 / 發難的對象 / 再次發難 / 馬上發難 / 該發難的時候,"若, 政權, 果, 賽事, 商, 公時"
4699,啟發人作深刻的省思。語本唐．杜甫〈遊龍門奉先寺〉詩。[例]先生的一席話，真是發人深省啊！,發人深省,To provoke deep reflection or introspection.,啟發人作深刻的省思，使人對某件事情有更深的理解和反思。,那篇關於環境保護的文章，讓我重新思考自己對於生活的選擇，真是發人深省。 / 在老師的引導下，我們討論的這個社會議題更加立體，充分表現出它的意義，讓大家發現問題的根源，心中堆起了發人深省的感受。 / 她的經歷告訴我們，失敗不一定是壞事，反而能讓我們學到更多發人深省的道理。 / 這部電影所傳達的價值觀，雖然情節輕鬆有趣，但卻發人深省，讓我意識到友情的重要性。 / 隨著年齡的增長，我對父母的犧牲才愈加感受深刻，這種體悟十分發人深省。 / 他的故事雖然簡單，卻隱含著發人深省的道理。 / 過去的歷史事件，如果我們仔細反思，會發現其中有許多發人深省的教訓，值得後人警惕。 / 在一次哲學課上，教授提出的問題讓我們每個人都陷入深思，這些問題實在發人深省。 / 這本書的結尾留給讀者一個發人深省的疑問，讓人忍不住想要探究更多。 / 隨著科技的進步，我們對於人際關係的思考也變得更加複雜，這種變化十分發人深省。 / 聆聽老一輩人的故事，總是能讓我感受到發人深省的生命智慧，激勵我更加珍惜當下。,idiom,發人深省的話 / 發人深省的問題 / 發人深省的文章 / 發人深省的思想 / 發人深省的道理 / 發人深省的故事 / 發人深省的觀點 / 發人深省的體會 / 發人深省的影響 / 發人深省的啟示,"壞事, 的話, 忍不住"
