word,number,old_definition,translation,definition,example_sentences,part_of_speech,collocations,pinyin,zhuyin,problematic_words
眷屬,5700,親人、家屬。[例]公務人員眷屬都可以參加醫療保險。,Relatives or family members.,親人或家屬。,公務人員的眷屬，也就是直系家屬，可以享有相關的福利措施。 / 軍人的眷屬在生活上面臨許多挑戰，因此社會應該提供更多的支持。 / 眷屬關係的認定，可以幫助在繳稅時享有更多的優惠。 / 眷屬福利方案的推出，讓許多人感受到政府對家庭的重視。 / 在醫療機構中，眷屬可以陪同患者，提供情感上的支持與安慰。 / 為了促進眷屬間的良好關係，福利部門定期舉辦相關的講座和活動。,n,公務人員眷屬 / 直系眷屬 / 隨行眷屬 / 眷屬關係 / 眷屬福利 / 眷屬支持,,,
捐獻,5701,捐出奉獻。[例]他將多年的積蓄全數捐獻出來救助殘障同胞。,To donate or contribute out of generosity.,捐出財物或心力，無償奉獻給需要的人或團體。,為了幫助當地的弱勢家庭，許多人響應號召捐獻物資和金錢。 / 學校舉辦了一場捐獻活動，鼓勵學生為需要幫助的同學捐獻書籍和文具。 / 許多志願者在社區中心幫助整理捐獻物資，讓它們能夠迅速送到需要的人手中。 / 公司推出了員工捐獻計畫，鼓勵大家一起為社會福利機構提供支持。 / 這位明星在社交媒體上發起了捐獻挑戰，吸引了大量粉絲參與，為災區募得善款。 / 這位作家的新書收入將捐獻給提升兒童閱讀能力的非營利組織。,va-t/N,捐獻金額 / 捐獻活動 / 捐獻物資 / 捐獻方式 / 捐獻者名單 / 捐獻證明,,,
絕頂,5702,非常、極甚。[例]這小孩聰明絕頂，日後必是可造之材。,Extremely; exceedingly.,非常、極其。,在這場比賽中，他的表現絕頂出色，贏得了所有人的讚賞。 / 這個地方的風景美麗絕頂，吸引了很多觀光客前來欣賞。 / 即使面對困難，他也堅持不放棄，勇氣絕頂令人佩服。 / 這部電影的劇情緊湊，情感表達絕頂到位，讓觀眾感同身受。 / 在音樂會上，他的鋼琴演奏技藝絕頂，引發了全場熱烈的掌聲。 / 這篇文章的分析絕頂透徹，讓讀者對於主題有了更深的認識。,adv,聰明絕頂 / 天才絕頂 / 美麗絕頂 / 幸運絕頂 / 幸福絕頂 / 樂觀絕頂,,,"作曲, 材, 日後, 造, 遊客, 廚藝, 出來, 望, 懈, 必"
決鬥,5703,為解決糾紛或維護某種榮譽，由雙方按照預定規則，所展開的格鬥。[例]在這部西部片中，兩位主角間的決鬥場面將劇情帶到了高潮。,A duel; A structured fight between two parties to resolve a dispute or defend honor.,為了解決糾紛或維護某種榮譽，雙方按照預定規則展開的格鬥。,這場決鬥吸引了村子裡所有人的目光，大家都期待結果。 / 為了展現勇氣和實力，兩位武士決定在清晨的月光下進行決鬥。 / 在這場決鬥中，雙方都使用了傳統的武器，以維持古老的習俗。 / 決鬥的儀式非常重要，雙方必須遵循嚴格的規則來確保公平。 / 在觀眾的期待中，決鬥的結果終於揭曉，讓每個人都感到驚訝與震撼。 / 雖然決鬥的過程充滿緊張和壓力，但最終他們都學會了珍惜友誼的重要性。,n,兩人決鬥 / 決鬥的武器 / 決鬥的規則 / 決鬥的結果 / 決鬥後的反思 / 決鬥的原因,,,"看似, 旅客, 鬥, 商定, 牛仔"
絕技,5704,超群卓越，無人能及的技能。[例]他擁有模仿各種動物聲音的絕技。,A unique and exceptional skill that is unmatched by others.,超群卓越，無人能及的技能。,那位老爺爺的絕技是打太極，他的每個動作都讓人感受到平靜與力量。 / 在海外華人新年慶祝活動中，一位武術大師展現了他的絕技，贏得了滿堂喝彩。 / 他在游泳比賽中施展了自己的絕技，最終成功奪得金牌。 / 這位藝術家的繪畫絕技讓許多人感到驚豔，畫作的每一筆都充滿了情感。 / 這位魔術師的絕技令人驚嘆，他總是能在不經意間讓觀眾感受到神奇的魅力。 / 這位老人的絕技表演讓人嘆為觀止，他的編織手藝傳承了幾代，作品總是充滿溫暖與故事。,n,獨特的絕技 / 精湛的絕技 / 展現絕技 / 具備絕技 / 高超的絕技 / 無與倫比的絕技,,,"奪得, 宕, 彩, 自拔, 攀岩, 目不暇"
絕跡,5705,絕滅、斷絕蹤跡。[例]這種野生動物因為人為捕殺及自然環境的惡化，已日漸絕跡了。,To become extinct; to disappear altogether.,指生物或事物完全消失，沒有任何蹤跡。,隨著科技的進步，傳統手工藝品的市場需求下滑，導致一些工藝技術面臨絕跡的危機。 / 在偏遠的山區，曾經茂密的野生植物如今因開發過度而絕跡。 / 在城市化快速發展的過程中，許多原本活躍的社區文化正在逐步絕跡，讓人感到失落。 / 一些傳統的音樂形式因為缺乏年輕人的傳承，正面臨絕跡的命運，文化多樣性受到挑戰。 / 由於人類對海洋資源的過度開採，某些魚類品種在這片海域已經幾近絕跡，生態環境急需修復。 / 面對全球化的浪潮，許多地方特色的飲食文化在年輕一代中漸漸絕跡，導致了文化的絕跡，影響了美食的多樣性。,n,野生動物絕跡 / 文化的絕跡 / 生物的絕跡 / 物種的絕跡 / 社會的絕跡 / 技術的絕跡,,,"繁盛, 珍稀, 落在, 栖息, 加劇, 蹤, 化"
絕境,5706,窮途末路、形勢險惡的處境。[例]生意失敗，加上妻離子散，他的生活已陷入絕境。,A dire situation or predicament; a state of being in a hopeless and desperate circumstance.,形勢非常危險，處於窮途末路的境地。,他在比賽中受了重傷，原本得獎的希望瞬間變成絕境。 / 在這場經濟危機中，許多公司面臨絕境，不得不裁員以降低成本。 / 雖然他遭遇了一連串的失敗，但他相信只要努力，就能走出絕境。 / 他們團隊在比賽中面對對手的強大壓力，曾一度陷入絕境，但最終還是逆轉獲勝。 / 在這場自然災害中，許多居民的生活被擾亂，感到自己處於絕境之中。 / 即使在絕境中，他依然沒有放棄自己的夢想，堅持地尋找解決方案。,n,陷入絕境 / 處於絕境 / 面對絕境 / 克服絕境 / 避免絕境 / 走出絕境,,,"重拾, 旅, 金, 失誤, 重傷, 懈, 奪, 窮途末路, 獲救, 化為, 境"
決裂,5707,雙方關係因惡化而破裂。[例]感情決裂、談判決裂,"A breakdown or rupture in relations between two parties, typically due to conflict or disagreement.",雙方關係因為惡化而破裂。,他們原本是好朋友，但因為一個誤會而決裂。 / 經過長時間的合作，兩家企業在重要政策上意見相左，最終宣告決裂。 / 在球隊選手之間，因為一場比賽的失利，曾經親密無間的關係瞬間決裂。 / 朋友之間因為忠誠問題而決裂，這讓許多人感到震驚和遺憾。 / 這位政治人物與他的支持者因為實施新政策的分歧而決裂，令選民感到失望。 / 他們的藝術合作因為創作風格的巨大差異而決裂，導致友誼決裂，各自尋求不同的藝術道路。,n,感情決裂 / 友誼決裂 / 談判決裂 / 關係決裂 / 合作決裂 / 交易決裂,,,"尋, 士氣"
絕倫,5708,超越、凌駕眾人之上。[例]她的舞藝超群絕倫，在世界大賽中脫穎而出。,Incomparable; surpassing all others.,超越、凌駕於眾人之上。,這部電影的表現絕倫，感動了無數觀眾，無法忘懷。 / 他在科技創新方面的成就絕倫，為人類的未來開闢了新的道路。 / 在文學界，他的小說風格絕倫，深刻地反映了當代社會的矛盾與掙扎。 / 這場舞蹈表演動作精準，絕倫的美感讓觀眾驚嘆不已。 / 這位科學家的研究成果絕倫，推動了該領域的進步，受到廣泛讚譽。 / 他們的團隊合作絕倫，默契與效率讓任何挑戰都迎刃而解。,vs-adj,絕倫的技藝 / 絕倫的表現 / 絕倫的魅力 / 絕倫的成就 / 精采絕倫 / 絕倫的音樂,,,"刷新, 競技, 廚藝, 展, 匠, 天籟"
攫取,5709,抓取、奪取。[例]老鷹在天上盤旋，準備隨時攫取草地上覓食的小雞。,To seize or grab; to take by force.,抓取或奪取某物。,在黑暗的角落，一隻饑餓的狐狸悄悄接近，準備攫取小鳥的巢穴。 / 政府強調，資源必須合理分配，避免被少數人攫取。 / 龍在雲端隨時準備出擊，攫取藏匿於山谷的寶藏。 / 隨著科技的發展，某些企業試圖攫取用戶的個人資料，謀取不當利益。 / 這位政治家不斷操縱輿論，試圖攫取支持者以鞏固自己的權力。 / 政策的調整讓某些企業得以攫取新的發展機遇，迅速壯大規模。,va-t,攫取利益 / 攫取權力 / 攫取資源 / 攫取機會 / 攫取資訊 / 攫取支持,,,"獵豹, 羚羊, 海鷗, 潛行, 額, 毫無, 旨, 抓取"
決然,5710,果斷堅決的樣子。[例]他這種決然的態度，使得事情已無轉圜的餘地。,Decisive and resolute; displaying determination and firmness in attitude or action.,果斷而堅決的樣子。,她面對這個困難的選擇，決然選擇了追求自己的夢想。 / 儘管有人反對，他依然決然支持這項創新計畫。 / 面對朋友的惡劣行為，他做出了決然的決定，終止了這段友誼。 / 當得知真相後，他決然站出來揭發這一醜聞，保護了其他人的權益。 / 對於這個不道德的商業操作，他決然拒絕與該公司合作，維護自己的職業操守。 / 當面對家人的質疑時，他依然以決然的態度捍衛自己的選擇，表達了不妥協的信念。,vs-adj,決然的態度 / 決然的行動 / 決然的決定 / 決然的回應 / 決然的立場 / 決然的拒絕,,,"毫不, 行政院"
絕少,5711,,Very few; extremely rare.,極其少，幾乎沒有。,這個小鎮的居民絕少抱怨生活的不便，大家都很珍惜這種安靜的環境。 / 這種情況在我們的經驗中絕少發生，因此大家都感到驚訝。 / 絕少數人在這個行業中取得成功，因此年輕人在選擇職業時會特別謹慎。 / 這種特殊才能的專家絕少出現，因此公司對他們的招募極其重視。 / 這種古老的傳統在現代社會中絕少被人們重視，導致許多文化遺產面臨消失的危險。 / 在這麼競爭激烈的環境裡，絕少有企業能穩定地保持增長，這使得市場的競爭變得更加壓力巨大。,adv,絕少數人 / 絕少的影響 / 絕少的選擇 / 絕少的情況 / 絕少的困難 / 絕少的資訊,,,"感, 駭, 合作案, 來訪"
爵位,5712,封爵及職位。《禮記．禮運》：「合男女，頒爵位，必當年德。」《三國演義》第五回：「眾扶紹升帳而坐，兩行依爵位年齒分列坐定。」,Noble title and position conferred as a reward.,封爵和所擔任的職位。,他的家族世代擁有爵位，因此在社會上享有很高的地位和影響力。 / 這位王子的爵位雖然低，但他的智慧和勇氣使他贏得了人民的尊重。 / 在古代，得到皇帝授予的爵位會改變一個人的命運，使他能夠過上富裕的生活。 / 她因為出色的表現而獲得了爵位，這讓她在職場上更加如魚得水。 / 每當舉行封爵儀式時，大家都會聚集來見證新爵位的誕生。 / 這個小說中的主角，最終獲得了一個高貴的爵位，改寫了他平凡的生活。,n,高貴的爵位 / 擁有爵位 / 獲得爵位 / 享有爵位 / 拒絕爵位 / 貴族的爵位,,,爵
絕無僅有,5713,只有一個，絕對再沒別的了。形容極其少有。[例]這真是場絕無僅有的激烈比賽，參賽者莫不使出渾身解數。,Unique; the only one of its kind.,只有一個，絕對再也沒有別的了。形容極其少有。,這份資料提供了研究這個主題的絕無僅有的視角。 / 他對於音樂的熱愛，使得他的作品呈現出絕無僅有的獨特風格。 / 他的科學發現開創了絕無僅有的新領域，改變了人類對宇宙的認知。 / 這本書提供了對該歷史事件絕無僅有的深入分析，極具參考價值。 / 她的演講獲得了絕無僅有的讚譽，激勵了在場的每一個人。 / 這次的體驗是一個絕無僅有的經歷，讓參加者重新評估自己的目標與方向。,idiom,絕無僅有的比賽 / 絕無僅有的機會 / 絕無僅有的經歷 / 絕無僅有的作品 / 絕無僅有的演出 / 絕無僅有的發現,,,"全新, 協作, 遊客, 展, 評為"
決意,5714,決心、拿定主意。[例]只要是他決意要做的事，任何人都阻擋不了他。,To be determined; to have made up one's mind.,下定決心，要做某件事情，並且不會改變主意。,看到家鄉的變化，他決意投身於志願服務，幫助更多需要的人。 / 他決意放下過去的包袱，勇敢地迎接新的人生挑戰。 / 經過一番考慮，他決意學好英語，以便能夠出國留學。 / 面對競爭激烈的職場環境，她決意提升自己的專業技能，參加各種培訓課程。 / 在遭遇困難時，他決意不放棄，始終堅持自己的信念，最終取得了成功。 / 經過多次失敗，他決意反思自己的方法，並制定新的計畫來達成目標。,vp-i,堅定的決意 / 明確的決意 / 內心的決意 / 付諸行動的決意 / 實現決意的步驟 / 清楚的決意 / 充滿決意的目標 / 心中有決意的事情 / 下定決意的計畫 / 除去疑慮的決意,,,"裸, 定決, 呼, 馬拉松, 迷茫, 辭, 意"
絕招,5715,超群卓越，無人能及的方法、手段。[例]他使出最後的絕招，希望能有效的抵擋住對方的攻勢。,A unique and exceptional technique or method that is unmatched and unrivaled.,超群卓越，無人能及的方法或手段。,他在比賽中使出了絕招，希望能成功逆轉勝利。 / 說書人的絕招是用精彩的比喻讓故事生動有趣。 / 在最後的決戰中，武林高手們各自亮出了絕招，場面緊張刺激。 / 他運用他的絕招，成功說服了對方同意他的提議。 / 在學校的科學展覽中，學生們展示了各自的絕招，讓觀眾見識到了創意的無限可能。 / 那位音樂家總是施展絕招，將即興演奏融入所有表演中，讓每場表演都獨一無二。,n,最後的絕招 / 使出絕招 / 施展絕招 / 高明的絕招 / 亮出絕招 / 絕招對決,,,"捕, 漁獲, 排骨, 驚艷, 酸甜, 出人意料"
絕症,5716,醫學上無法治癒的病症。[例]他不幸患了絕症，卻仍然樂觀的走完人生最後的旅程。,A terminal illness; a disease that is incurable.,醫學上無法治癒的病症。,她得知自己罹患絕症，心情難以平復，但孩子的需要讓她振作起來。 / 在醫院的走廊裡，他遇到了一位同樣面對絕症的病友，彼此鼓勵著。 / 醫生告訴他，這種絕症的治療選擇非常有限，主要是緩解症狀。 / 她的朋友們發起了一個募款活動，希望能幫助她減輕因絕症帶來的經濟壓力。 / 儘管面臨絕症的挑戰，他仍然堅持每日寫日記，記錄下自己的心情和感悟。 / 醫療團隊努力探索新的治療方案，希望能給絕症患者帶來一線希望。,n,絕症患者 / 罹患絕症 / 絕症治療 / 面對絕症 / 絕症的影響 / 緩解絕症,,,"確, 診, 感悟, 病友, 早期"
軍備,5717,軍事措施和武力裝備。[例]當前全球亟需正視的重大議題，不外是：道德淪落、種族歧視、極端氣候、環境污染、貧富不均、軍備競爭等。,Military armament; military measures and armed forces' equipment.,軍事措施和武力裝備的總稱。,各國應該加強合作，以避免軍備競爭導致的緊張局勢。 / 雖然各國都在提升軍備，強調國防的重要性，但和平的提議從來沒有減弱。 / 軍備方面的透明度越高，各國之間的信任就越容易建立。 / 國際社會對於軍備擴張的警惕性提高，特別是在面對新興威脅時。 / 許多專家認為，持續的軍備改革是應對複雜安全挑戰的必要途徑。 / 在軍備研究方面的投資，將直接影響到國家的戰略布局與未來的安全環境。,n,軍備競爭 / 軍備擴張 / 軍備改革 / 軍備問題 / 軍備支出 / 軍備監控,,,"減弱, 呼, 機, 武, 旨, 從未"
軍閥,5718,以雄厚的武力割據地方、把持政權，與中央政府對抗的武裝派系或軍人。如民國初年的段祺瑞、吳佩孚、張作霖等。[例]民國初年，軍閥割據，隨意荼毒百姓，人民生活苦不堪言。,"A warlord; a military leader who exerts control over a region using armed force, often in opposition to a central government.",以強大的武力控制地方政權，與中央政府對抗的武裝勢力或軍人。,軍閥政治導致了民眾對政府的不滿，許多人開始尋求改革的希望。 / 軍閥之間的聯盟與背叛，使得局勢變化萬千，讓人民生活在恐懼之中。 / 軍閥的崛起，往往伴隨著戰爭的爆發，地區穩定變得更加脆弱。 / 軍閥之亂讓許多地方的經濟受到重創，商業活動幾乎陷入停滯。 / 隨著時間的推移，軍閥的勢力逐漸被其他勢力所取代，卻留下了深刻的歷史烙印。 / 為了結束軍閥割據的局面，新興的政治力量開始尋求團結與合作，以重建國家。,n,軍閥割據 / 軍閥勢力 / 軍閥之亂 / 軍閥政治 / 軍閥鬥爭 / 軍閥統治,,,"混戰, 測, 東北, 武, 加劇, 張作霖, 政權, 民國"
軍法,5719,專治軍人犯罪的法律。如遇戰時或戒嚴時期，可適用於平民。,Military law; a legal system specifically governing crimes committed by military personnel. It can also be applied to civilians during wartime or periods of martial law.,專門用來處理軍人犯罪的法律。在戰時或戒嚴時期，可以適用於平民。,軍隊必須嚴格執行軍法，以維護內部秩序和紀律。 / 在戰爭期間，違反軍法的行為將受到嚴厲的懲罰。 / 軍法條例明確規定，任何士兵不得私自離開部隊。 / 軍法規定，任何人如果有貪污行為皆必須接受軍法處罰。 / 軍隊的日常訓練也包含了對軍法規定的學習，以增強士兵的法律意識。 / 在不同國家的軍事體系中，軍法的具體條款和執行方式可能有所不同。,n,軍法條例 / 違反軍法 / 軍法處罰 / 軍法制度 / 依照軍法 / 嚴格的軍法,,,"審, 若, 戰時, 有助, 旨, 監管, 權"
軍艦,5720,海軍各種船艦的通稱。可區分為作戰艦隻與輔助艦隻。作戰船艦以其特殊構造及武器裝備專供與敵人作戰之用；輔助艦隻或為特種任務之軍用艦隻，或為曾經改裝的武裝商艦，以供艦隊補給、運輸、修理等用途。也稱為「兵艦」、「兵輪」。,"A naval vessel; a general term for various ships in the navy, which can be categorized into combat ships and auxiliary ships. Combat ships are specifically designed and equipped for warfare, while auxiliary ships serve special military functions or are former merchant ships repurposed for naval support tasks such as supply, transportation, and repair. Also referred to as ""兵艦"" or ""兵輪.""",海軍各種船的通稱，分成戰鬥船與輔助船。戰鬥船具有特殊構造與武器裝備，專門用來與敵人作戰；輔助艦隻則為特種任務或曾改裝的武裝商艦，用於艦隊補給、運輸、修理等。也稱為「兵艦」、「兵輪」。,昨天晚上的軍艦演習展示了海軍的實力與戰略規劃，令旁觀者印象深刻。 / 在和平時期，軍艦也會參與人道救援和國際合作任務。 / 軍艦的最新技術裝備，使其在現代戰爭中更加具有優勢。 / 一艘新的偵察軍艦剛剛下水，將強化我們的海上監控能力。 / 在國際海域，這艘軍艦與其他國家的軍艦一起進行聯合演習。 / 軍艦的武器系統經過升級，使其能夠有效應對各種戰鬥任務。,n,戰鬥軍艦 / 海軍軍艦 / 驅逐軍艦 / 軍艦演習 / 軍艦任務 / 敵軍軍艦,,,"海戰, 航空母艦, 出航, 新型, 昨晚, 商, 南海, 艦, 分為, 作戰艦, 改裝, 船艦"
駿馬,5721,良馬，好馬。[例]東市買駿馬，西市買鞍韉（ㄐㄧㄢ），南市買轡頭，北市買長鞭。（南朝梁．無名氏〈木蘭詩〉二首之一）　△駿驥、駿足,"A fine horse; refers to a good, exceptional steed.",良好的馬，速度快。,駿馬的速度如閃電般迅速，讓觀眾讚嘆不已。 / 在古代，駿馬是戰士們最寶貴的財產，因為它們能迅速帶領軍隊出征。 / 駿馬在星空下奔馳，彷彿在自由的野外找到自己的歸屬。 / 駿馬的訓練需要耐心與技巧，只有如此才能發揮它們的潛力。 / 駐足觀賞，駿馬的優雅動作讓所有人都心生敬畏，感受到自然的美麗。 / 駿馬的靈活性使它們能夠輕鬆跨越障礙，展現出驚人的運動能力。,n,駿馬的速度 / 駿馬的身形 / 駿馬的聲音 / 駿馬的訓練 / 駿馬的價值 / 駿馬的特徵,,,"牧民, 言, 藉著, 騎乘, 姿, 鬃"
俊美,5722,俊秀美麗。[例]左鄰右舍都稱讚王伯伯的兒子長得英挺俊美。,Handsome and beautiful; strikingly attractive.,英俊而美麗。,他俊美的外表讓人一眼看去就印象深刻。 / 在電影裡，俊美的男主角總是吸引著無數影迷的目光。 / 每當他微笑時，俊美的笑容瞬間點亮了整個房間。 / 她的俊美面容和優雅舉止，讓每一個見到她的人都不禁讚嘆。 / 無論走到哪裡，俊美的外表總是為他帶來眾多的關注和羨慕。 / 這位俊美的舞者不僅技巧精湛，更以優雅的姿態俘虜了每一個觀眾的心。,vs-adj,俊美的外表 / 俊美的面容 / 俊美的身材 / 俊美的氣質 / 俊美的少年 / 俊美的舞者,,,"男友, 掀起, 馳, 俊秀, 既"
俊俏,5723,容貌秀美俏麗。[例]這少年長得十分俊俏，常吸引不少女孩的目光。,Handsome and charming; attractive and well-featured.,容貌漂亮俏麗，通常用來形容年輕人或女性。,小鎮上那位俊俏的少年，總是吸引著女孩們的目光。 / 他雖然才華洋溢，但俊俏的外表也令他備受矚目。 / 這幅畫中的青年俊俏無比，彷彿從故事中走出來一般。 / 在運動場上，俊俏的男孩展現了不僅有型的外表，還有耀眼的運動才能。 / 這本小說的男主角俊俏得令人心動，讓讀者們都想成為他的朋友。 / 雖然身材高挑俊俏，但他卻十分謙虛，從不自誇。,vs-adj,俊俏的容貌 / 俊俏的少年 / 俊俏的外表 / 俊俏無比 / 俊俏的形象 / 俊俏的特質,,,"女孩子, 秀美, 伴郎, 型, 電影圈, 界"
軍士,5724,兵卒。《後漢書．卷七一．皇甫嵩傳》：「其夕遂大風，嵩乃約敕軍士皆束苣乘城，使銳士閒出圍外。」《三國演義》第六八回：「以酒五十瓶，羊肉五十斤，賞賜軍士。」,A soldier; a rank-and-file military personnel.,兵卒，指在軍隊工作，負責執行戰鬥或軍事任務的士兵。,每一名軍士都必須熟悉自己的武器裝備，以提高作戰效率。 / 忠實於國家，軍士們時刻準備為人犧牲自己，保衛家園。 / 軍士的任務不僅是打仗，還包括維護和平與穩定。 / 軍士們經常參加野外訓練，以提升在艱難環境下的生存能力。 / 為了增強團隊合作，軍士們定期進行團隊建設和心理輔導。 / 軍士的生活充滿挑戰，但他們獲得了無與倫比的榮譽感和成就感。,n,軍士的訓練 / 軍士的責任 / 軍士的生活 / 軍士的待遇 / 軍士的裝備 / 忠心的軍士,,,"敵陣, 命, 捨, 搏, 從中, 己, 圍坐, 鬥"
軍心,5725,全體軍人所具有的戰鬥、守紀律等意念。[例]整飭軍心、軍心渙散,"Military morale; the collective mindset and spirit of the military personnel, indicating their willingness to fight and maintain discipline.",全體軍人所具有的戰鬥意念和守紀律的精神狀態。,在軍事演習中，長官強調團隊合作，以提振軍心。 / 布置新計畫時，上級特別注意保持軍心穩定，避免不必要的恐慌。 / 每當面臨困難時，領導者的支持能有效穩定軍心，促進團隊的團結。 / 在前線作戰時，官兵們互相鼓勵，這種無形的力量大大增強了軍心。 / 透過舉辦活動，軍隊希望能改善軍心，增強士兵之間的信任與合作。 / 士兵們在艱苦環境下堅持不放棄，這種毅力成為維持軍心的重要因素。,n,軍心渙散 / 影響軍心 / 穩定軍心 / 增強軍心 / 激勵軍心 / 動搖軍心,,,"守, 士氣, 指揮官, 專, 有助, 旨, 建, 懈, 力, 飭"
軍營,5726,軍隊駐守的營地。[例]軍營是軍事重地，戒備森嚴，任何人都不准隨意進出。,A military camp; a fortified area where soldiers are stationed.,軍隊駐守的營地，通常設有各種設施，並且戒備森嚴。,參觀軍營的活動讓學生了解國防的重要性。 / 駐守軍營的士兵，時刻準備著保衛祖國的安全。 / 軍營裡的士兵在完成訓練後，常常會一起分享食物，增進彼此的感情。 / 軍營的設施雖然簡單，但卻能滿足軍人們基本的生活需求。 / 每年，軍營都會舉辦一次開放日，讓民眾更了解軍事生活。 / 軍營的安全措施非常嚴密，確保每位軍人和相關人員的安全。,n,軍營的生活 / 軍營的設施 / 駐守軍營 / 軍營裡的士兵 / 參觀軍營 / 軍營的管理,,,"設有, 體"
軍政,5727,軍界與政界。,Military and political circles; the military and government sectors.,軍界與政治界的總稱。,現在的軍政政策明確，強調國防與經濟的共同發展。 / 許多軍政界人士出席了這次國防會議，討論未來的戰略方向。 / 新上任的總統強調改善軍政關係，期待更有效率的資源分配。 / 在今天的會議上，專家們分析了軍政互動對國內外政策的影響。 / 軍政合作計畫促進了區域安全及經濟發展。 / 軍政力量的整合，使得國防資源得以更合理地配置。,n,軍政關係 / 軍政問題 / 軍政合作 / 軍政界 / 軍政政策 / 軍政力量,,,"政, 國內外, 研討, 協同, 尤, 籌碼, 有助"
據以,5728,,To base or rely on something as a point of reference.,「據以」是指根據某些依據或條件來進行某種行動或得出某種結論。,在撰寫報告時，研究者都會提供據以支持其論點的資料來源。 / 每當選擇新政策時，政府都會先分析街頭民眾的反應，據以做出合理的判斷。 / 我們據以評估這個項目的是否能成功的標準都已經明確制定。 / 據以往的經驗，良好的溝通是團隊合作成功的關鍵。 / 科學家們在發表新研究之前，必須據以驗證其結論的實驗數據。 / 在選擇旅行目的地時，許多人會查閱網上評論，據以決定最合適的地方。,ptc,據以決定 / 據以推論 / 據以判斷 / 據以評估 / 據以分析 / 據以預測,,,"與否, 反饋, 研討"
開採,5729,挖取採掘。[例]專家在近海處發現蘊藏豐富的油氣，近日將進行開採。,"To extract or extract minerals, resources, or other materials from the earth.",挖取或採自然資源，如礦石、油氣等。,由於環保法規的實施，企業必須找到合法開採資源的方法。 / 專家表示，大規模開採將對生態系統造成不可逆轉的影響。 / 這家公司計劃在未來五年內開採更多的稀有金屬，以滿足市場需求。 / 開採石油的過程中，工程師們必須謹慎操作，以防止漏油事故發生。 / 當地社區對開採行動表示擔憂，擔心資源耗盡會影響他們的生活。 / 國際間的合作使得開採海洋資源的技術得到了快速發展。,va-t,開採石油 / 開採天然資源 / 開採礦產 / 大規模開採 / 不當開採 / 持續開採,,,"氣, 期, 採掘, 礦藏, 礦石油, 煤礦"
開場白,5730,戲劇表演或文章、說話等引入正題的前導部分。[例]在簡單扼要的開場白之後，接著就是精闢的演講。,"The opening remarks or introductory statements made at the beginning of a performance, speech, or presentation, serving to set the stage for the main content.",戲劇表演或文章、說話等引入正題的前導部分。,在演講的時候，開場白能吸引聽眾的注意力。 / 即使是正式會議，一段輕鬆的開場白也能讓氣氛變得融洽。 / 這位講者的專業開場白讓聽眾對接下來的內容充滿期待。 / 在婚禮上，新郎的開場白感謝了每一位來賓，讓現場氣氛更加溫馨。 / 當主持人開始節目時，精彩的開場白總是能引起觀眾的熱烈反響。 / 在這次論壇上，主辦方的開場白強調了活動的重要性和期待的成果。,n,精彩的開場白 / 真誠的開場白 / 活潑的開場白 / 專業的開場白 / 感人的開場白 / 深入的開場白,,,"引入, 首映, 師, 導"
開導,5731,啟發、疏導，使明白道理。[例]經過師長的開導後，他已能坦然面對感情失敗的挫折。,To enlighten and guide someone to understand a concept or situation.,啟發並疏導，使人明白道理。,經過朋友的開導，他終於明白了自己的錯誤。 / 老師用實際的例子來開導學生，使他們更容易理解課程內容。 / 在職場上，主管的開導讓年輕員工學會如何應對壓力。 / 他因為經濟困難而感到沮喪，但經過社工的開導，他找到了解決問題的方法。 / 在面對感情困擾時，好友的開導讓她尋找到新的方向。 / 開導學生的過程中，教師不僅要傳授知識，也要培養他們的思考能力。,va-t,開導學生 / 開導情緒 / 開導心靈 / 開導他人 / 開導方法 / 開導問題,,,"重拾, 迷茫, 聆, 友, listen, 師"
開工,5732,開始進行工作。[例]我們預定年初五開工。,To start work; to begin a project or task.,開始進行工作。,工地的開工儀式非常隆重，大家期待著新項目的開始。 / 每年農曆新年後，公司都會舉行開工大會，講述一年的工作計畫。 / 預計下個月初我們就要正式開工，期待工程能順利進行。 / 在開工的第一天，團隊成員互相認識，建立良好的合作關係。 / 我們計畫在下週一正式開工，屆時會有一個簡短的開工典禮。 / 每當看到工人們忙碌的身影，我就知道這個項目又要開工了。,va-i,預定開工 / 正式開工 / 開工日 / 開工儀式 / 開工通知 / 延遲開工,,,"許可證, 迎, 市政府, 型"
開墾,5733,開闢荒地。[例]他在屋旁空地開墾菜園，親手栽植蔬菜。,To cultivate or reclaim wasteland for farming.,開闢荒地或未開發的土地，用來種植作物或讓人居住。,為了提高生產，我們需要學習如何有效地開墾土地，讓它更有價值。 / 在這個新開墾的地區，農民們使用傳統技術來種植作物，希望獲得豐收。 / 在這次開墾計畫中，環保專家也加入了，確保不破壞當地的生態環境。 / 我們的志願者團隊經常前來手把手教村民如何開墾和維護菜園。 / 透過科技的輔助，新開墾的農地能夠更快地適應氣候變化，提高作物的產量。 / 開墾的過程中，農民們相互合作，分享經驗，讓這些辛苦的勞動變得更加有趣。,va-t,開墾土地 / 開墾區域 / 開墾計畫 / 開墾面積 / 開墾新地 / 開墾技術,,,"合作社, 果園, 初期, 菜園, 開墾荒, 農, 祖父母, 耕, 農田"
開口,5734,說話、發言。[例]你不開口表示意見，我怎麼知道你的想法了。,To speak or express oneself verbally.,說話或發言。,看到他微笑，我才鼓起勇氣開口詢問他的名字。 / 在會議上，大家都在等待他開口發言，因為他的意見非常重要。 / 如果你不開口表達自己的需求，別人就無法知道你想要什麼。 / 雖然他心中有很多想法，但面對陌生人時卻一直不敢開口。 / 當她看到朋友困惑的表情，立刻開口提議一起解決問題。 / 他覺得這個話題很有趣，於是鼓起勇氣開口討論自己的想法。,va-i/N,開口發言 / 開口詢問 / 開口拒絕 / 開口承認 / 開口答覆 / 開口討論,,,
開溜,5735,偷偷離開。[例]會議實在枯燥無聊，因此他趁著休息的空檔開溜了。,To sneak away or leave secretly.,偷偷離開或逃跑。,老師正在講課時，我看到窗外有趣的事情，忍不住想要開溜去看看。 / 朋友們都在討論旅行計劃，而我卻因為工作壓力大的理由，想要開溜和他們聊聊。 / 她發現派對的主題不合她的胃口，於是選擇偷偷開溜，免得浪費時間。 / 在咖啡廳裡，我感到無聊極了，便趁著朋友去洗手間的空檔，開溜去逛街了。 / 這次會議的內容實在太枯燥，讓我忍不住想要開溜，找個地方休息一下。 / 雖然朋友們都提議去唱歌，但我實在不想參加，於是趁著大家不注意時，想要開溜回家休息。,va-i,開溜的時候 / 偷偷開溜 / 不小心開溜 / 開溜的理由 / 空檔開溜 / 敢開溜,,,"氣, 無止境, 型, 拉入, 昨晚, 透透, 潛逃, 了"
開路,5736,開闢道路。比喻在前引導路徑。[例]若非前人披荊斬棘、篳路藍縷地開路，我們哪能欣賞到眼前的美景。,"To open and pave a road; metaphorically, to lead the way or clear a path.",開闢道路，則比喻在前引導他人走出一條新路。,為了實現夢想，我們必須勇敢地開路，克服所有障礙。 / 他們在新科技領域開路，改變了傳統產業的競爭格局。 / 無論是生活還是工作，開路的過程中總會遇到意想不到的困難。 / 若非前輩在這條路上開路，我們今天的成就無法想象。 / 在探險的旅程中，開路是通往未知世界的第一步。 / 社會的進步離不開那些願意開路的先驅者，他們改寫了歷史。,va-t/N,開路的過程 / 開路的重要性 / 清晰的開路 / 先驅開路 / 開路的意義 / 對開路的期待,,,邁向
開門見山,5737,比喻說話或寫文章直截了當，不拐彎抹角。[例]他的個性非常直率，說起話來開門見山，不留餘地，有時不免令人難堪。,"To speak or write in a straightforward and direct manner, without beating around the bush.",比喻說話或寫文章非常直截了當，不拐彎抹角。,開門見山的說法讓大家迅速理解了這個問題的核心。 / 開門見山的態度讓對話變得更加坦誠與直接。 / 她對問題的解釋非常清晰，完全是開門見山，一下子就抓住了要點。 / 這位作家的作品以開門見山著稱，讀者能夠迅速了解文章的主旨。 / 在與客戶溝通時，開門見山的方式讓雙方都能迅速達成共識。 / 開門見山的表達讓聽眾一開始就被吸引，隨即投入到演講中。,idiom,開門見山的說法 / 開門見山的表達 / 開門見山的態度 / 開門見山的風格 / 開門見山的言語 / 開門見山的內容,,,有助
楷模,5738,榜樣，可供學習效法的對象。[例]孝悌楷模、勞工楷模,A model or example to be emulated.,可以學習和效法的榜樣。,學校表彰那些努力學習的學生，鼓勵其他人以他們為楷模。 / 在公司裡，主管希望員工能以敬業楷模的態度提升工作效率。 / 職場上出色的表現不只是個人的成就，更能成為其他人的楷模。 / 這位科學家的創新研究成果讓許多年輕學者把他當作學習楷模。 / 在藝術界，有些藝術家的作品與精神激勵後輩，讓他們視之為創作的楷模。 / 優秀的義工不僅幫助他人，也展現出服務楷模的精神，激勵更多人參與。,n,優秀楷模 / 道德楷模 / 服務楷模 / 學習楷模 / 典範楷模 / 教育楷模,,,"鄭成功, 孝悌, 從中, 懈, 供, 林則徐"
開竅,5739,開啟智慧之門、開始懂得道理。多用於兒童。[例]現在的孩子開竅得早，得適時提供多元的學習管道。,To open the door to understanding or intelligence; to begin to comprehend or realize something.,開啟智慧之門，開始懂得道理，通常用於兒童。,在這次的科學實驗中，學生們終於開竅，懂得如何使用顯微鏡觀察細胞。 / 學習音樂的孩子如果能夠早點開竅，就能更快掌握樂器的技巧。 / 開竅的時候，孩子們會表現出強烈的好奇心，這是學習的最好時機。 / 經歷了多次失敗之後，他們在這個項目中最終開竅，找到了解決問題的有效方法。 / 在參加科學展覽時，許多學生都在實際操作中開竅，對科學產生了更深的興趣。 / 對於這個年齡段的孩子來說，開竅的重要性在於激發他們探索世界的熱情。,vp-i/N,開竅的 / 開竅的孩子 / 開竅的年齡 / 開竅的機會 / 開竅的重要性 / 開竅的過程,,,"材, 反饋, 解題"
慨然,5740,感嘆的樣子。[例]生活環境日益惡劣，我們不能只是慨然嘆息，而應力謀改善。,To express sorrow or lamentation; signifying a sense of grief or regret.,感嘆的樣子，通常表達對某種情況的惋惜或不滿。,在面對自然環境逐漸惡化的問題時，我們不能只是慨然嘆息，必須採取實際行動來改善。 / 在看到老朋友因生活壓力而變得憔悴不堪時，她慨然失望，心中充滿無奈。 / 每當讀到過去的美好回憶，這位老人就慨然長嘆，似乎對時光的流逝感到無法挽回的惆悵。 / 面對年輕一代對傳統文化漠不關心的態度，他慨然擔憂，認為文化的根基正在逐漸消失。 / 當看到城市中的污染問題日益嚴重時，他慨然感慨，呼籲大家重視環境保護。 / 在看到全球氣候變化的嚴峻挑戰時，科學家們慨然呼籲，必須攜手應對這一危機。,adv,慨然長嘆 / 慨然感慨 / 慨然失望 / 慨然讚嘆 / 慨然不已 / 慨然無奈,,,"噥, 抒, 哀, 咕, 自嘲, 懷, 漠不關, 叹"
慨然,5740,直爽不吝惜的樣子。[例]他很講義氣，對朋友的要求常常慨然應允。,Frank and open; generous and unreserved in response or commitment.,直接而坦白，對他人的要求或請求常常願意答應。,當村莊需要修建橋樑時，熱心的居民們慨然捐款支援。 / 他的朋友遇到困難時，他總是慨然伸出援手，完全不猶豫。 / 知道社區要舉辦文藝活動，藝術家們慨然提供作品展示，增加了活動的吸引力。 / 理解到家庭需要照顧，鄰居們慨然提供幫助，讓他們倍感溫暖。 / 面對突如其來的災難，許多人慨然捐物資，用行動表達他們的關懷與支持。 / 在支持教育的項目中，知名學者們慨然分享自己的研究成果，幫助年輕學子成長。,vs-adj,慨然應允 / 慨然接受 / 慨然支持 / 慨然捐款 / 慨然幫助 / 慨然分享,,,"吝惜, 应, 毫不, 响, 商, 爽, 助, 捐助, 倡議, 聽聞"
開通,5741,排除障礙物。比喻啟發、開導。[例]修路工人用炸藥炸碎巨石，開通了受阻的道路。,To clear obstacles and open up a pathway; to enlighten or guide someone.,排除障礙物，使事情順利進行。比喻啟發、開導。,我努力學習外語，以開通我的國際交流管道。 / 為了促進經濟發展，政府決定開通與鄰國的貿易往來。 / 我們的志願者團隊正在幫助貧困村莊，開通當地與城市的交通聯繫。 / 大學舉辦了多場講座，希望能開通學生的思維視野。 / 隨著科技的進步，公司正在努力開通新的數據分析工具，提升工作效率。 / 社區中心希望通過舉辦語言課程，幫助居民開通與外國朋友的溝通橋樑。,va-i,開通道路 / 開通視野 / 開通政策 / 開通服務 / 開通能力 / 開通方式,,,"渠道, 公交"
開脫,5742,設法解脫罪名。[例]你已罪證確鑿，誰也無法替你開脫罪名。,To attempt to extricate oneself from blame or responsibility.,設法讓某人解脫罪名，令其不被追究。,他試圖舉出各種理由來開脫自己的責任。 / 在面對指控時，他不斷尋找機會來為自己開脫。 / 老闆不滿這個員工的表現，希望他能誠實面對，而不是想辦法開脫。 / 在法庭上，他的律師試圖以各種理由來開脫他可能面臨的刑罰。 / 面對家長的批評，這名學生表現得很沮喪，卻仍然想要開脫自己的錯誤行為。 / 他一再強調外部因素，試圖開脫自己在項目失敗中的責任。,va-t,開脫罪名 / 設法開脫 / 開脫責任 / 開脫嫌疑 / 開脫懷疑 / 開脫後果,,,"失誤, 頻, 論"
開宗明義,5743,比喻說話或寫文章一開始就揭示主旨綱要。語出《孝經．開宗明義章》。[例]這本書的序言，開宗明義就指出闡揚倫理道德的精神為全書主旨。,To state the main point clearly at the beginning; a metaphor for indicating the primary purpose or argument in a discussion or text.,比喻說話或寫文章一開始就揭示主旨和綱要。,這本小說在開頭就開宗明義，清楚交代了故事的主題。 / 這位教授在課堂上開宗明義，告訴學生這門課的學習重點和目標。 / 在這篇文章中，作者開宗明義地討論了科技對人類生活的影響。 / 書中開宗明義地指出，尋求真理是人類永恆的追求。 / 在會議上，主持人開宗明義地說明了討論的主要議題和預期成果。 / 這部電影在開場時便開宗明義，展現了角色之間複雜的關係和情感。,idiom,開宗明義的目的 / 開宗明義的內容 / 開宗明義的論點 / 書中開宗明義 / 開宗明義的精神 / 開宗明義的意義,,,"參賽, 計畫書, 引言, 綱要"
砍伐,5744,用刀斧劈砍樹木。[例]適度砍伐林木，才不會造成森林迅速消失，危及地球生態環境。,To fell or chop down trees using an axe or a knife.,用刀斧劈砍樹木。,許多環保團體呼籲停止砍伐原始森林，以保護珍貴的生態系統。 / 砍伐樹木時，工人們必須遵循安全規範，避免意外事故發生。 / 在進行砍伐作業之前，必須先進行環境影響評估，以減少對生態的傷害。 / 森林砍伐政策的調整，可以有效減緩氣候變遷的速度。 / 當地居民對於非法砍伐行為表示憤怒，因為這影響了他們的生計。 / 政府正在推行新法規，以限制過度砍伐並促進可持續發展。,va-t,大量砍伐 / 合理砍伐 / 砍伐森林 / 禁止砍伐 / 砍伐樹木 / 砍伐作業,,,"植樹, 動植, 有助"
看管,5745,管理照顧。[例]我去打個電話，煩請你幫我看管一下行李。,To supervise and take care of something.,管理和照顧某物或某人，確保其安全。,公園裡的老人需要有人看管，確保他們的安全。 / 在暑假期間，父母會請鄰居幫忙看管孩子。 / 體育館裡的設備需要專人負責看管，避免損壞。 / 每位志工都負責看管一名孩童，確保活動順利進行。 / 當我回家之前，請檢查一下並看管好我的行李。 / 費用雖然不高，但請你負責看管這些免費出租的單車。,va-t,看管小孩 / 看管行李 / 負責看管 / 看管安全 / 認真看管 / 看管設備,,,"物, 展, 泳客"
侃侃而談,5746,說話從容不迫的樣子。[例]一說到他感興趣的話題，他就會侃侃而談，一副樂在其中的樣子。,"To speak in a confident, relaxed, and unhurried manner.",說話從容不迫的樣子。,教授侃侃而談，吸引了所有學生的注意力，讓他們對這門課程充滿了興趣。 / 在面試中，他自信地侃侃而談，讓面試官對他的印象大為提升。 / 侃侃而談的討論讓會議變得生動有趣，大家都積極參與其中。 / 當媒體記者詢問他的看法時，他完全不緊張，侃侃而談地表達了自己的觀點。 / 學生們在俱樂部會議上侃侃而談，分享各自的讀書心得，激發了更深的討論。 / 侃侃而談的人常常能讓聽眾感受到話題的魅力，進而激發他們的興趣。,idiom,侃侃而談的人 / 侃侃而談的樣子 / 侃侃而談的內容 / 侃侃而談的態度 / 侃侃而談的方式 / 侃侃而談的經驗,,,"毫不, 研討, 飯桌"
坎坷,5747,比喻人潦倒不得志。[例]他雖然命運坎坷，但仍以無比的信心與毅力，戰勝所有的逆境。,Adverse and filled with obstacles; metaphorically refers to a person's life being fraught with misfortunes and setbacks.,比喻一個人經歷很多困難和挫折，沒有得到良好的成就。,在這段艱難的日子裡，他感受到自己過去的坎坷歷程。 / 坎坷的旅程讓她更加堅強，也讓她更加懂得如何面對困難。 / 面對坎坷的生活，他選擇以積極的心態來應對每一天。 / 在朋友的支持下，她終於走出了那段坎坷的過去。 / 經歷了無數的坎坷，她終於實現了自己的夢想。 / 他的坎坷經歷讓他在困難面前更加冷靜和理智。,idiom,坎坷的人生 / 坎坷的命運 / 經歷坎坷 / 遭遇坎坷 / 面對坎坷 / 坎坷的旅程,,,從中
看準,5748,預測正確。[例]我早看準他氣度恢宏，將來必然不凡，如今果然成就了一番大事。,To predict or assess correctly; to have foresight in recognizing someone's potential or future success.,預測正確，對事物的發展有清楚的判斷。,他看準對手的弱點，迅速制定了相應的競爭策略。 / 她看準市場需求的變化，調整了產品設計，讓公司業績大幅上升。 / 朋友告訴我，他早就看準這份工作的挑戰性，才決定投身此行業。 / 他看準了這個行業的發展趨勢，於是決定轉型，進軍人工智慧領域。 / 我早就看準了這個投資機會，因為我相信它將在未來帶來可觀的收益。 / 他在考慮收購時，看準了對方公司的技術優勢，這將為他的業務帶來重要加分。,va-t,看準機會 / 看準市場 / 看準時機 / 看準趨勢 / 看準結果 / 看準需求,,,"加劇, 創, 俗"
炕,5749,北方各地用磚或泥坯在屋裡砌成的長方形臥榻。下有孔道，與煙囪相通，可生火取暖。[例]睡炕,"A heated brick or mud platform bed in northern China, typically found in a rectangular shape, with flue channels underneath that connect to a chimney, allowing for fire heating.",在北方各地，用磚或泥土在屋裡做成的長方形處。下面有小道，與煙囪相通，可以生火，讓屋內溫暖。,在冬天，家裡的炕是最受歡迎的地方，可以讓人感到溫暖舒適。 / 特別是晚上，炕上鋪了一層厚厚的被子，讓人一躺下就不想起來。 / 炕裡生火後，整個房間都充滿了溫暖的氣息，讓人感到安心。 / 她喜歡在炕上看書，特別是寒冷的夜晚，讓心情更加愉悅。 / 雖然外面天氣冷，但在炕上卻彷彿進入了另一個溫暖的世界。 / 每當家裡來客人，大家都會一起坐在炕上，享受美味的食物和熱茶。,n,炕上 / 暖炕 / 炕邊 / 打炕 / 鋪炕 / 炕火,,,"砌, 隱秘, 暖, 睡炕, 坯, 午後, 打鬧, 榻, 泥, 圍坐, 蕩, 寒風, 嬉笑, 舊書, 孔道"
亢奮,5750,極度興奮。[例]他榮獲一百公尺短跑冠軍，整個下午都顯得亢奮不已。,Extremely excited or agitated.,極度興奮的狀態。,孩子們在公園玩了一整天，個個都亢奮得手舞足蹈。 / 他的生日派對非常成功，朋友們都亢奮不已，根本不想離開。 / 某場比賽的最後一分鐘，觀眾都亢奮地站起來，為隊伍加油。 / 這部新電影上映，影迷們排隊等候，現場氣氛亢奮熱烈。 / 當他們看到偶像現身時，粉絲們亢奮得尖叫，瞬間震撼了整個場館。 / 隊伍贏得了冠軍，球迷們亢奮得幾乎不敢相信這個結果，狂歡了一整夜。,vs-i,亢奮不已 / 亢奮的心情 / 感到亢奮 / 亢奮的狀態 / 亢奮的情緒 / 亢奮的氣氛 / 亢奮得手舞足蹈 / 亢奮的表現,,,"遊樂園, 競, 館, 呐, 聖誕, 出來, 年終, 獲獎, 助威"
抗衡,5751,對抗。指彼此勢力相敵，不相上下。[例]拿破崙在十九世紀初席捲了大半的歐洲，所到之處，幾乎無人可與之抗衡。,To contend against; to resist or counterbalance.,對抗。指彼此勢力相當，不分上下。,隨著新興企業的崛起，傳統產業不得不尋找新的方法以抗衡激烈的市場競爭。 / 在科技迅速發展的今天，各大科技公司之間的抗衡越來越顯著，影響著未來的市場格局。 / 環保組織積極行動，以抗衡企業對自然資源的過度開發。 / 在科技迅速發展的今天，各大科技公司之間的抗衡越來越顯著，影響著未來的市場格局。 / 兩國之間的經濟抗衡，不僅影響了雙邊貿易，也改變了全球經濟的格局。 / 在國際關係中，強權國家之間的競爭抗衡的力量常常決定了全球政治的走向。,va-t,競爭的抗衡 / 雙方抗衡 / 抗衡的力量 / 社會抗衡 / 能力抗衡 / 市場抗衡,,,"賽事, 敵, 相"
抗生素,5752,由微生物所產生的化學物質。其稀釋液能抑制或殺死病菌，可用於治療由細菌等微生物感染的病症，常用的有青黴素、金黴素等。[例]非經醫師指示，不可任意服用抗生素。　△抗菌素,A type of antibiotic; a chemical substance produced by microorganisms that can inhibit or kill bacteria. Common antibiotics include penicillin and streptomycin.,由微生物產生的化學物質，其做出的液體能抑制或殺死病菌，通常用於治療由細菌等微生物感染的病症。,他最近因為喉嚨痛而去看醫生，醫生給了他一些抗生素以治療感染。 / 抗生素不適合用來治療病毒感染，所以我們不能隨便使用。 / 小孩子因為抵抗力較弱，使用抗生素時需要特別謹慎，以防副作用。 / 醫院的醫生會根據病人的症狀，開具適合的抗生素處方，以便有效控制感染。 / 很多人在感冒時仍然要求醫生開抗生素，但其實這種做法並不科學。 / 藉著宣導抗生素正確使用，公共衛生部門希望減少因濫用抗生素而造成的健康問題。,n,抗生素治療 / 抗生素過量 / 抗生素的使用 / 抗生素藥物 / 濫用抗生素 / 抗生素副作用,,,"殺死, 病菌, 液, 性, 藉著, 腸道, 耐藥菌, 控, 稀釋, 藥效, 服, 菌"
靠不住,5753,不可靠、不可信。[例]他只是口頭上說說，靠不住的。,Unreliable; not trustworthy.,不可靠、不可信。,那個人總是說一些靠不住的話，沒有人再相信他了。 / 如果你依賴靠不住的朋友，最終只會讓自己失望。 / 根據他的經驗，這份報告裡的數據靠不住，可能需要重新檢查。 / 當我發現他的承諾靠不住時，我決定不再依賴他。 / 他在工作上靠不住，常常拖延進度，讓同事們十分頭痛。 / 對於那些靠不住的消息，媒體應該更加謹慎，以免誤導公眾。,vs-i,靠不住的人 / 靠不住的話 / 靠不住的承諾 / 靠不住的朋友 / 靠不住的消息 / 靠不住的消息,,,
拷打,5754,古時以刑求毒打逼供，迫使嫌犯認罪的審問方式。[例]民主時代講求人權，審訊問案不容許對嫌犯嚴刑拷打。,To torture or beat in order to extract a confession.,古時候用刑罰和暴力逼迫嫌犯承認犯罪的審問方式。,最近有報導顯示，某國的警方在調查過程中嚴刑拷打嫌犯，以逼迫其認罪。 / 過去，拷打常被用作調查犯罪的手段，但隨著社會進步，這種做法已經被淘汰。 / 嚴刑拷打違反人權，國際社會對此表達了強烈譴責。 / 雖然許多國家已經立法禁止拷打，但在實際執行中仍存在漏洞。 / 拷打可能會在短時間內獲得信息，但其真實性和可靠性常常令人質疑。 / 各大媒體陸續報導了拷打事件，促使政府對此展開深入調查。,vp-t,嚴刑拷打 / 拷打手段 / 拷打過程 / 反對拷打 / 拷打事件 / 拷打受害者,,,"轉向, 無效, 警, 供詞, 古時, 誤判, 認罪, 作, 證, 近日, 拷, 供"
考古,5755,將古代遺留下來的古蹟、器物或文字資料等詳加考察，以推究古代人類事蹟與文化。[例]林教授打算帶領學生到臺東的卑南遺址考古。,"To engage in the study and examination of archaeological sites, artifacts, or texts from ancient times.",觀察和研究古代遺留下來的古蹟、器物或文字資料，目的為推斷古代人類的事蹟與文化。,最近的考古發掘工作讓學者們重新認識到這個古代城市的規模之大。 / 在這次考古研究中，發現了許多古代陶器，為我們了解當時的日常生活提供了重要的證據。 / 藉由考古文物的分析，研究人員發現了文化交流在古代社會中的重要性。 / 學者們透過考古證據，重新編寫了我們對這段歷史的認知。 / 這片考古遺址的發現，為我們提供了了解古文明興衰的重要線索。 / 考古學家在進行現場發掘時，意外發現了一些珍貴的金飾品。,n,考古遺址 / 考古研究 / 考古發掘 / 考古文物 / 考古證據 / 考古學家,,,"墓葬, 推究, 金飾, 古, 旨, 早期"
考核,5756,考查審核。[例]本產品經衛生單位考核獲評為優良食品，消費者可安心食用。,To assess and evaluate; to conduct an examination or review.,對某個對象進行考查和審核，通常是為了評估其能力、品質或表現。,為了確保教師的教學質量，學校定期對教師進行考核，並根據考核結果提供相應的專業發展支持。 / 為了提高學生的學習動機，老師設計了一個創新的考核系統，讓學生能在實際操作中展示他們的能力。 / 公司的人力資源部門在考核實習生時，特別重視他們的團隊合作能力和解決問題的技巧。 / 學校舉辦的藝術考核不僅考察學生的技術水平，還鼓勵他們展現個人創意和風格。 / 社區中心每年都會對志願者的服務進行考核，以表彰優秀的志願者並促進更多人參與公益活動。 / 大學的考核制度越來越重視學生的實踐經驗，希望通過考核促進理論與實際的結合。,va-t,考核標準 / 考核方式 / 考核結果 / 考核對象 / 考核報告 / 考核制度,,,"營銷, 質量, 科研, 力, 調薪, 期"
靠攏,5757,靠近、聚攏。[例]做完體操後，兩旁的隊伍向中央靠攏，方便教練講解比賽規則。,To move closer together or gather around.,靠近或聚集在一起。,當籃球比賽快要結束時，觀眾們的注意力都靠攏到場上的那個關鍵進球。 / 在冬天的晚上，朋友們會坐在火爐旁，互相靠攏取暖，享受愉快的時光。 / 在學校的圖書館，學生們逐漸靠攏，方便一起討論課堂上的難題。 / 畫展上的參觀者，隨著精彩作品的出現，陸續靠攏在一起欣賞藝術的美。 / 在寒冷的早晨，路上的行人因為天氣而不自覺地靠攏，加快了步伐回家。 / 聽到指示後，隊伍靠攏到一起，以便更清楚地聆聽接下來的安排。,vp-i,逐漸靠攏 / 向前靠攏 / 一起靠攏 / 隊伍靠攏 / 自然靠攏 / 漸漸靠攏,,,"交朋友, 畫展, 感, 加快, 響起"
靠山,5758,接近山邊。可依恃的人或勢力。[例]雖然有擔任董事長的父親當靠山，但是他仍堅持從基層的員工做起。,A mountain; 近山的地方。,接近山邊的地方。比喻可以依賴的人或勢力。,他在公司內部的關係非常好，幾乎所有人都知道他的背後有強大的靠山，因此經常獲得特別的待遇。 / 在這個行業裡，有靠山的人往往能夠更快地升遷，即使實力平平也沒有人會刁難。 / 無論小白在生活中遇到什麼困難，她的母親總是像一座靠山，給予她無微不至的關懷和支持。 / 他選擇進入這家公司，部分原因是因為有朋友的靠山，讓他在面試時輕鬆許多。 / 這位運動員之所以能夠獲得如此高的榮譽，除了本人的努力外，背後更有強大的贊助商和靠山在支持。 / 雖然他的學業成績不算突出，但因為有學校的靠山，他仍然能夠申請到理想的大學。,n,靠山的支持 / 有靠山 / 靠山的力量 / 靠山的幫助 / 靠山的關係 / 找靠山,,,"益, 商, 求職, 乎, 政治圈, 議程"
犒賞,5759,慰勞賞賜。[例]每逢中秋佳節，公司行號通常會發放禮金或致送月餅以犒賞員工。,To reward or provide incentives as a form of appreciation or compensation.,慰勞並給予某種獎勵，通常用來鼓勵或感謝辛苦工作的人。,在節日的時候，老闆會準備豐盛的午餐來犒賞團隊。 / 每年，公司會舉辦一次戶外活動，藉此犒賞辛苦一年的員工。 / 對於完成任務的同事，經理特別準備了一份小禮物來犒賞他們的付出。 / 在父親節，家人會為爸爸準備一頓豐盛的晚餐，以表達對他的犒賞和感謝。 / 學校每學期末，都會舉辦一次獎勵活動，以犒賞在學習上表現優秀的學生。 / 為了感謝志工們的辛勤付出，社區決定舉辦一場感謝晚會來特別犒賞他們。,va-t,犒賞員工 / 特別犒賞 / 犒賞活動 / 家庭犒賞 / 給予犒賞 / 獎勵與犒賞,,,"年終, 遊樂園, 金"
克敵,5760,戰勝敵人。[例]作戰之前需要萬全的計畫及準備，方能克敵致勝。,To defeat or overcome an enemy.,戰勝敵人，通常需要策略和準備。,克敵的關鍵在於分析對手的弱點，並找出有效的應對方法。 / 通過團隊合作，我們能更有效地克敵，贏得這場競賽。 / 在困難的環境中，克敵的精神激勵著每一位成員不斷前行。 / 通過不斷學習和訓練，運動員能夠掌握克敵的技巧，提升比賽表現。 / 克敵的道理不僅適用於競賽，也能幫助我們在日常生活中克服困難。 / 每當遇到挑戰，我們都應該尋找克敵策略，以增強自信心和勇氣。,va-t,克敵策略 / 克敵之道 / 克敵力量 / 克敵秘訣 / 克敵技巧 / 克敵心態,,,"策, 良策, 敗, 良策克敵, 術"
刻骨銘心,5761,形容深記在心，永難忘懷。[例]這位老師誨人不倦、有教無類的教學熱誠，讓曾受教於他的學生們刻骨銘心。,To be deeply impressed and unable to forget; to remember something with great intensity.,形容深深記在心中，永遠難以忘懷。,這段刻骨銘心的經歷，讓我學會了珍惜身邊的人。 / 他在戰場上所經歷的痛苦，永遠刻骨銘心，深深影響了他的生活。 / 這首歌裡的故事和情感，讓聽過的人都刻骨銘心，回味無窮。 / 那個刻骨銘心的瞬間，讓我明白了什麼是真正的勇氣。 / 他們之間的刻骨銘心的愛情，讓身邊的人都感受到其深情和堅韌。 / 每一次與家人團聚的時刻，都讓我刻骨銘心，珍惜那份難得的親情。,idiom,刻骨銘心的回憶 / 刻骨銘心的教訓 / 刻骨銘心的愛情 / 刻骨銘心的經歷 / 刻骨銘心的瞬間 / 刻骨銘心的承諾,,,懈
窠臼,5762,指舊式建築門下承受轉軸的臼形小坑。比喻陳舊、一成不變的規格模式。[例]凡事要跳脫出傳統的窠臼，不拘泥於固有形式，才會有所進步。,A small mortise or hollow pit under the door of an old-style building that serves as a pivot for the door. Metaphorically refers to an outdated and unchanging model or pattern.,指舊式建築門下承受轉軸的臼形小坑。比喻陳舊、一成不變的規格模式。,科技的快速發展迫使企業改變以往的窠臼，才能在市場中保持競爭力。 / 當設計師開始超越窠臼的思維，他們的作品變得更加引人注目。 / 在這次會議上，專家們討論了如何打破窠臼，以促進更有效的合作。 / 教育改革的推進要求教師們跳脫窠臼，探索更具互動性的教學方法。 / 他們的研究成果挑戰了長久以來的窠臼，為該領域帶來了嶄新的視角。 / 在藝術創作中，急需探索脫離窠臼的表現手法，才能真正展現個人風格。,n,跳脫窠臼 / 打破窠臼 / 脫離窠臼 / 掙脫窠臼 / 窠臼的思維 / 窠臼的規範,,,"落入, 轉軸, 臼形"
科舉,5763,隋唐到清代用以考選官吏的制度，因分為許多科目來拔舉人才，故稱為「科舉」。隋廢九品中正制，改置進士等科；唐時科目增至五十餘。後宋用帖括，明清用八股試士，仍沿用科舉的稱呼。至清光緒三十一年（西元1905）始明令廢止。[例]舊時科舉是平民晉升宦途的唯一途徑。,"A system of imperial examination for selecting officials in China, established during the Sui and Tang dynasties and used until the end of the Qing dynasty, characterized by multiple subjects and topics; It served as a means for commoners to ascend to official positions.",隋唐至清代用來考選官吏的制度，因分為多個科目來選拔人才，故稱此制度。隋朝廢除九品中正制，改設進士等科。唐朝時科目增至五十餘；宋朝用帖括，明清時期則使用八股文。此制度在清光緒三十一年（西元1905年）開始明令廢止。,在古代，參加科舉的考生需要準備大量的經典文學與政治哲學著作。 / 科舉制度選拔出一批優秀的官吏，對當時的政治穩定與經濟發展貢獻良多。 / 科舉文化深深影響了中國的教育體系，讓人們更加重視文學與知識的傳承。 / 儘管科舉制度已經廢止，許多文人仍然懷念那段以學識為重的榮耀時光。 / 隨著科舉制度的改革，更多女性開始有機會接受教育，以追求更高的社會地位。 / 科舉考試的難度與考生的準備息息相關，往往決定了他們一生的命運。,n,科舉考試 / 科舉制度 / 科舉考生 / 科舉人才 / 科舉文化 / 科舉歷史,,,"良多, 唐, 日以繼夜, 增至, 隋, 設, 古文, 清代, 明, 緊握, 辭, 考題, 光緒, 分為, 帖括, 制, 1905"
苛刻,5764,嚴厲刻薄。[例]上司若待人苛刻，將無法使下屬心悅誠服。,Severe and harsh; unreasonably demanding.,對人要求非常嚴厲而且刻薄。,公司對於新聘員工的考核標準苛刻，讓許多人壓力倍增，面對極具挑戰性的任務。 / 在這個競爭激烈的職場環境中，經理對團隊的要求苛刻得幾乎讓人喘不過氣來，常常因為一點小錯誤就會受到責罵。 / 在這所名牌大學裡，學校對論文的審核過程相當苛刻，讓學生們不得不花費大量時間來修改。 / 在這場比賽中，裁判的苛刻判決讓不少選手感到緊張，影響了他們的表現。 / 學校的考試制度苛刻，導致很多學生在每次考試前都感到焦慮不安。 / 這位藝術家的作品經常受到苛刻的評價，但她堅持自己的風格，不輕易妥協。,vs-t,苛刻的標準 / 苛刻的要求 / 苛刻的上司 / 苛刻的環境 / 苛刻的評價 / 過於苛刻,,,"氣, 晉, 設, 些, 精打細算, 知, 無所適, 新聘"
可蘭經,5765,回教典籍。三十卷，一一四章。回教徒認為它是真神阿拉對先知穆罕默德所啟示的真言。在穆罕默德死後彙集成書。要旨有三：信仰唯一的真神、穆氏為神所遣、主張宿命論。也譯作「古蘭經」。,"The Quran; The holy book of Islam, consisting of 30 sections (juz) and 114 chapters (surahs), believed by Muslims to be the literal word of God (Allah) as revealed to the Prophet Muhammad. It was compiled into its final form after Muhammad's death. Its main tenets include the belief in the oneness of God, the prophethood of Muhammad, and the concept of predestination. Also referred to as ""古蘭經"".",回教的典籍，共有三十卷，一百一十四章。信徒認為這是神阿拉對先知穆罕默德所啟示的真言。穆罕默德去世後，將這些啟示彙集成書。其要旨包括信仰唯一的真神、穆罕默德為神所遣以及主張宿命論。,在清真寺裡，信徒們會誦讀可蘭經，以增進他們對信仰的理解。 / 可蘭經的經文常常被用來指導信徒的日常生活。 / 可蘭經中提到的故事，常常用來啟發信徒的道德行為和價值觀。 / 每當有宗教聚會，大家都會一起討論可蘭經的意義，增進彼此的信仰。 / 可蘭經的影響力遍及全球，許多人因此對伊斯蘭文化產生濃厚的興趣。 / 研究可蘭經的翻譯讓更多人能夠接觸和理解這部重要的宗教典籍。,n,可蘭經的教義 / 可蘭經的影響 / 可蘭經的經文 / 誦讀可蘭經 / 可蘭經的故事 / 研究可蘭經,,,"穆罕默德, 伊斯蘭, 言, 百一十四, 彙集, 默念, 阿拉, 聖典, 回教, 遣, 回教徒, 論, 穆斯林, 旨, 知, 清真寺"
顆粒,5766,體積小而呈粒狀的物體。[例]這是一杯含有果肉顆粒的柳橙汁。,"Grains or particles; refers to small, granular objects.",體積小而呈粒狀的物體。,他在花園裡看到了一種奇特的顆粒，像是從未見過的種子。 / 課堂上，老師告訴我們關於顆粒物質的科學原理。 / 在這片沙灘上，隨處可見細小的顆粒，陽光照射下閃閃發光。 / 醫生開了一種顆粒狀的藥物，聲稱對治療感冒特別有效。 / 這裡的土壤顆粒很細，非常適合種植各種植物 / 他們在實驗室裡觀察著顆粒的運動，對物理學的奧秘感到充滿好奇。,n,顆粒狀 / 小顆粒的灰塵 / 顆粒的形狀 / 顆粒的顏色 / 散落的顆粒 / 顆粒的大小,,,"面膜, 異, 粒狀, 隨處, 果肉, 調味料, 饒舌, 角質, 米粒, 香料, 鹽巴, 了, 顆粒狀, 含有, 從未"
苛求,5767,嚴苛而不合理的要求。[例]待人處世應合情合理，不宜太過苛求。,To make excessive and unreasonable demands.,對他人提出過於嚴苛而不合理的要求。,在這個比賽中，裁判的苛求標準讓選手們感到非常緊張，難以發揮實力。 / 他總是對自己的作品苛求完美，導致他每次都花費過多時間修改。 / 在人際關係中，過於苛求朋友的要求容易讓人感到窒息，影響彼此的信任。 / 社會上對年輕人的苛求往往來自於對成功的高期待，讓他們面對更多挑戰。 / 在家庭中，過於苛求孩子的表現，可能會使他們失去對學習的興趣。 / 對於團隊合作，過於苛求每個人的表現可能會導致合作氛圍的緊張。,va-t,苛求他人 / 苛求自己 / 苛求的態度 / 過於苛求 / 苛求的要求 / 苛求的行為,,,"太過, 士氣, 質量, 聘, 求職, 評委, 選拔賽"
可取,5768,可以採用。比喻值得學習或讚許。[例]他自認資質比不過別人，因此更加努力，這種勤能補拙的精神十分可取。,Advisable; worthy of being adopted or valued.,可以採用，值得學習或讚許的。,他即使平常沒有學過音樂，但每次在活動中都很認真，就算很緊張，這也是可取的努力態度。 / 他在工作中常常加班，為了提高績效，雖然這是可取的專業精神，但也要注意身體健康。 / 他的行為表現出堅持原則的可取，雖然常常面臨艱難的挑戰。 / 在討論會上，積極參與並表達自己的看法被認為是一種可取的行為，能促進團隊合作。 / 面對困難時，保持樂觀的心態被視為一種可取的生活智慧。 / 學習新技術雖然需要時間和精力，但這種追求進步的態度是極其可取的。,vs-adj,可取的做法 / 可取的觀念 / 可取的態度 / 可取的行為 / 可取的經驗 / 普遍可取,,,"寫法, 雙語, 搏"
客套,5769,表示謙讓、客氣。[例]大家都是自己人，你就不用跟我客套了！,Polite remarks made out of courtesy or formality; indicating a sense of humility and respect in communication.,表示謙讓和客氣的行為或言語。,在朋友聚會上，大家開心聊天，不用再談什麼客套的事。 / 我們這次談判很成功，希望以後能夠不再客套，直接進入主題。 / 他們之間的友誼已經很深厚，因此平常不需要再講那些客套的話。 / 在外交場合，客套的交流是維持國際關係的重要一環。 / 無論是在正式場合還是私下聚會，適當的客套話總能讓氣氛變得更加融洽。 / 即使是家人之間，偶爾也會說些客套的話，以表達對彼此的尊重和關心。,n,客套話 / 不用客套 / 客套的話 / 客套的禮節 / 客套的態度 / 客套的行為,,,"敬語, 謙讓"
磕頭,5770,一種以頭著地或近地的跪拜禮。比喻辛苦乞求。[例]她向神明磕頭祈求，希望生病的兒子能早日康復。,"To kneel and bow one's head to the ground in a gesture of respect or supplication, often associated with traditional Chinese customs.",一種以頭著地或近地的跪拜禮，通常用來表達恭敬、求助或懺悔。,在祭祖的儀式上，後輩們一一磕頭，以表達對先人無盡的敬意。 / 他在廟宇前磕頭求神，希望能解決工作上的困難，心中充滿對未來的期待。 / 今年的中秋節，孩子們在月亮下磕頭祝福，期盼來年能夠團圓和幸福。 / 在傳統的成人活動上，年輕人磕頭拜見長輩，象徵著他們成年的重要時刻。 / 在求學的路上，學生們常常在書桌前磕頭，感謝知識的恩賜，並祈望能夠學業有成。 / 老人在村口祭祀時，村民們一一磕頭，以表達對土地神的敬仰和感恩之心。,va-t/N,磕頭祝福 / 磕頭懺悔 / 磕頭求神 / 磕頭求平安 / 磕頭感恩 / 磕頭跪拜,,,"氣, 步入, 拜佛, 祭祖, 謝恩, 來年, 禮, 示, 祈, 望, 謝罪, 懷, 牌位"
可望,5771,可以期盼、有希望。[例]中華代表隊可望在這場比賽中獲得冠軍。,To be hopeful or have expectations.,可以期盼，有希望。,經過全隊的努力，這次比賽可望獲得金牌。 / 學校的教育改革措施實施後，學生的學習成效可望明顯提升。 / 在未來的十年內，這個新興產業可望成為經濟增長的重要動力。 / 隨著技術的進步，智慧型手機的電池壽命可望在未來幾年內大幅提升。 / 透過國際合作，這項科學計畫可望在太空探索領域取得重大進展。 / 今年的氣候條件非常適合，農作物的產量可望達到歷史新高。,vs-i,可望成功 / 可望達成 / 可望實現 / 可望改善 / 可望獲得 / 可望進步,,,"籌, 若"
嗑藥,5772,,"To take drugs, typically referring to recreational drug use.",嗑藥是指使用藥物，通常是指吸食毒品或某些藥物，以獲得愉快的感覺或改變心情。,雖然朋友們都知道嗑藥的風險，但他們仍然選擇一時刺激，短暫快樂。 / 嗑藥的行為常常伴隨著危險的決策，讓人失去對生活的控制。 / 他發覺嗑藥後的滿足感只是暫時的，最終仍然要面對現實生活的壓力。 / 社會對嗑藥的容忍度降低，許多人因此失去了工作和家庭。 / 藉著音樂和藝術，他試圖擺脫嗑藥帶來的陰影，重新尋找生活的意義。 / 談到嗑藥造成的問題時，他總是沉默不語，彷彿無法面對自己的過去。,va-t/N,嗑藥的人 / 嗑藥的行為 / 嗑藥的風險 / 嗑藥的影響 / 嗑藥造成的問題 / 嗑藥上癮,,,"藉著, 感, 自拔, 成癮, 期"
苛責,5773,嚴厲的責備。[例]凡事要反求諸己，不要苛責於人。,To criticize or blame harshly.,對他人給予過於嚴厲的責備。,在比賽中，運動員已經全力以赴，即使結果不如預期，也不應苛責他們。 / 自我反省是必要的，但如果總是苛責自己，可能會導致焦慮和壓力。 / 在課堂上，老師鼓勵學生勇於發言，而不是苛責他們的每個小錯誤。 / 對於志願者的工作，我們應該感激他們的付出，而不是苛責他們的不足之處。 / 如果我們能夠學會包容他人的缺點，就不會常常苛責他人。 / 遇到困難時，自己不應過於苛責，應該尋找解決問題的方法。,va-t,苛責自己 / 遭到苛責 / 受到苛責 / 面對苛責 / 苛責的批評 / 避免苛責,,,"處在, 士氣, 失誤"
懇切,5774,誠懇真摯。[例]看他說得那麼懇切，你就答應他的請求吧！,Sincere and earnest; showing genuine sincerity and heartfelt concern.,誠懇真摯，表達出真心的態度。,他的懇切關心讓我感受到朋友的溫暖。 / 在面對困難時，我懇切地向老師尋求建議。 / 在面試中，他以懇切的態度打動了評審，成功獲得了工作機會。 / 當他懇切地表達自己的想法時，大家都靜靜地聆聽。 / 雖然表達有一點笨拙，但他的懇切之心讓每個人都感受到誠意。 / 當他懇切地請求幫助時，沒有人能拒絕他的誠意。,vs-adj,懇切的態度 / 懇切地表達 / 懇切的心情 / 懇切的關心 / 懇切的祝福 / 懇切的建議,,,"顯, 重燃, 論, 懈, 如"
鏗鏘,5775,狀聲詞。形容金屬或琴瑟的清脆聲音。形容聲音清脆響亮。例]琴聲鏗鏘,"A onomatopoeic word describing a metallic or harmonious sound; indicating a clear, crisp, and resonant sound.",形容金屬或琴瑟發出清脆而響亮的聲音。,校園裡的鈴聲鏗鏘響亮，提醒學生們準時上課。 / 鏗鏘的鼓聲充滿力量，激勵著士兵們勇敢前進。 / 每當遇到重大時刻，廣播裡傳出的鏗鏘宣告，讓大家都感受到緊迫感。 / 在晨曦中，寺廟的鐘聲鏗鏘悠揚，喚醒了城市。 / 他的演講聲音鏗鏘有力，讓聽眾們倍感振奮。 / 鏗鏘的步伐聲在空曠的走廊中迴響，讓人感受到一種堅定的力量。,vs-adj/N,鏗鏘有力 / 鏗鏘的曲調 / 鏗鏘的琴聲 / 鏗鏘清響 / 鏗鏘的旋律 / 鏗鏘的節奏,,,"鍵, 睡, 音符, 重燃, 瑟, 午後, 樂, 風鈴, 隨, 管弦, 音, 師, 曲調, 指尖"
吭聲,5776,發出聲音或說話。[例]他被痛罵一頓，久久都不敢吭聲。,To make a sound or to speak; often implies reluctance or lack of confidence in doing so.,發出聲音或說話。,小王在會議上被詢問意見時，始終沒敢吭聲。 / 她一聽到老闆的批評，立刻就不敢吭聲了。 / 在大家討論問題的時候，他默默坐在一旁，沒吭聲。 / 大家都在熱烈討論，她卻選擇不吭聲，靜靜觀察。 / 當被問到敏感話題時，他小心翼翼，不敢吭聲。 / 他們之間的氣氛非常緊張，沒有人敢吭聲打破沉默。,va-i,吭聲不語 / 不敢吭聲 / 吭聲的人 / 吭聲的時候 / 默不吭聲 / 吭聲的方式,,,"吭, 论, 学, 心里, 后, 员, 选, 组, 课, 当, 许, 师, 张, 这, 择, 时, 声, 担, 对, 听, 没, 显, 还, 恼, 震, 终, 题, 惊, 说错, 实, 争, 吭声, 讨, 始, 烦, 话, 些, 议, 愣住, 问, 紧"
空檔2,5777,neutral gear,"Neutral gear; The gear setting in a vehicle that disengages the engine from the wheels, allowing the vehicle to roll without being powered by the engine.",汽車的變速器在特定位置，讓車輛處於不動狀態，駕駛者不需要踩油門或刹車。,駕駛在紅燈前切換到空檔，以減少耗能。 / 如果車輛在堵車時換到空檔，可以防止過度使用引擎。 / 定期檢查空檔的狀態，確保駕駛的安全性。 / 當駐車等待時，轉換到空檔可以減少電池的使用。 / 如果在行駛中遇到突發情況，迅速進入空檔可以保持車輛的穩定性。 / 在進行車輛維護時，技術人員會檢查空檔的功能以確保其正常運作。,n,空檔的設定 / 空檔的使用 / 調整空檔 / 換到空檔 / 確認空檔 / 空檔的功能,,,"車型, 優, 2, 刹, 油門, 傳動, 耗, 坡, 車主, 有助, 停車, 燃油, 紅燈, 切換, 磨損, 變速器, 置"
控管,5778,,To manage or control something systematically.,對某件事情進行管理和控制，確保其運作和結果符合預期。,在企業管理中，有效控管成本是提高利潤的重要因素。 / 預算控管能幫助公司避免不必要的開支。 / 在專案管理中，團隊必須控管時間，以確保按時完成任務。 / 我們應該加強控管品質，以提升客戶的滿意度。 / 在活動策劃中，控管參與人數是確保安全的重要措施。 / 在製造業中，控管設備維護的頻率，可以延長機器的使用壽命。,va-t,控管成本 / 控管風險 / 控管資源 / 控管品質 / 有效控管 / 控管系統,,,型
恐懼症,5779,病名。（phobia）一種精神官能症。特徵為發病者對某些事物或情境會產生莫名的恐懼。縱使當事者明知不會受到傷害，也無法控制恐懼的情緒。,"A phobia; an irrational fear of specific objects, situations, or activities.",這是一種精神官能症，特徵是發病的人對某些事物或情境產生莫名的恐懼。即使有這種病症的人明知不會受到傷害，也無法控制這種恐懼情緒。,他因為有恐懼症，遇到小狗時總是避開，不敢靠近。 / 由於社交恐懼症的影響，她在聚會上感到非常不自在，常常想要提前離開。 / 心理醫生告訴他，恐懼症的根源往往來自於童年時期的創傷經歷。 / 社交恐懼症讓他在職場上難以表現自己，經常感到焦慮和孤獨。 / 她因為從小經歷過一次嚴重的意外，導致現在對雷聲產生了恐懼症，無法在下雨天外出。 / 透過認知行為治療方法，很多恐懼症患者成功地克服了原本困擾他們多年的恐懼。,n,恐懼症患者 / 治療恐懼症 / 恐懼症症狀 / 恐懼症發作 / 恐懼症藥物 / 克服恐懼症,,,"明知道, 雨天, 療法, 症, 者, 當事, 雷暴"
空空如也,5780,一無所有。清．褚人穫《堅瓠秘集．卷六．狡僧》：「已乃僧忽他出，數日不返，探其篋笥，空空如也。」,To be completely empty; having nothing at all.,一無所有，形容完全沒有物品或東西。,他的口袋空空如也，連買一杯咖啡的錢都沒有。 / 最近他的銀行帳戶空空如也，讓他不得不考慮找一份兼職工作。 / 當我打開冰箱時，裡面空空如也，讓我不禁感到失望。 / 突然收到的帳單讓他的財務狀況更加緊張，現在錢包空空如也，無法應付。 / 清理書桌時，他驚訝地發現抽屜裡空空如也，只剩下一些過期的收據。 / 這次野餐結束後，籃子裡空空如也，大家都對美味的食物讚不絕口。,idiom,錢包空空如也 / 生活空空如也 / 心裡空空如也 / 目標空空如也 / 口袋空空如也 / 房間裡空空如也,,,"補, 衣櫃, 空空, 如, 行囊"
空曠,5781,開闊、寬廣。[例]這一大片空曠的草原，真讓人有呼嘯狂奔的衝動。,"Expansive and wide open; referring to a large, unobstructed area.",開闊而寬廣，通常指沒有障礙物的空間。,空曠的湖面上，偶爾掠過一陣輕風，激起一圈圈漣漪，讓人感受到和平與靜謐。 / 在這個空曠的城市廣場，人們聚集在一起，慶祝節日的到來。 / 在這段空曠的道路上，行人稀少，讓我感受到了一種別樣的寧靜與孤獨。 / 空曠的教室裡，老師的聲音清晰回響，帶領學生們探索未知的知識世界。 / 在這片空曠的沙漠中，隨著風的輕拂，沙丘的美麗輪廓變幻莫測，彷彿在訴說著古老的故事。 / 傍晚時分，空曠的天地上星星閃爍，我靜靜地坐著，思考著生命的種種可能。,vs-adj,空曠的草原 / 空曠的場所 / 空曠的場地 / 空曠的天空 / 空曠的道路 / 空曠的湖面,,,"笑語, 沙丘, 歡, 金黃, 馬兒, 湧起, 遠足"
恐龍,5782,動物名。中生代棲息陸地的爬蟲類。頸子和尾巴均長，後肢長於前肢，有時以後肢及尾巴直立，形狀可怖。種類甚多，今均已絕跡。[例]活躍於侏羅紀的恐龍，進入新生代忽然滅絕的原因，至今仍是個謎。　◎,"A dinosaur; a large reptile that lived on land during the Mesozoic era, characterized by a long neck and tail, with hind limbs longer than forelimbs, and often standing upright on hind legs. Dinosaurs are numerous in species and have all become extinct.",一種動物名，屬於中生代的爬蟲類，棲息於陸地。這類動物的頸子和尾巴都很長，後腿通常長於前腿，有時會以後腿和尾巴直立，形狀恐怖。種類繁多，現在已經全部絕跡。,在電影中，恐龍的形象常常被描繪得非常巨大和兇猛。 / 科學家們透過研究恐龍的骨骼，得知了牠們的生活習性。 / 兒童讀物裡經常有關於恐龍的故事，讓小朋友對這些古生物充滿了好奇。 / 在地質學課上，老師介紹了恐龍滅絕的原因，讓我們對歷史有了更深的了解。 / 電視紀錄片中，恐龍的生活習性和棲息環境被描述得栩栩如生。 / 恐龍的種類繁多，從小型的迅猛龍到巨大的霸王龍，各有不同的特色。,n,恐龍蛋 / 恐龍的種類 / 恐龍的特徵 / 恐龍滅絕 / 恐龍學家 / 恐龍的足跡,,,"感興趣, 地質, 肢, 生代, 化石, 型, 怖, 迅, 爬蟲, 古"
空前絕後,5783,獨一無二，超越古今，無與倫比。[例]孔子、耶穌、釋迦牟尼等，在人類文化史上都是屬於空前絕後的超級人物。,Unprecedented and unparalleled; referring to something that is unique and surpasses all in history.,獨一無二，超越過去和現在，無與倫比。,這位科學家的發明空前絕後，徹底改變了人類的生活方式。 / 他在藝術上的成就堪稱空前絕後，讓後人難以超越。 / 這本書的見解空前絕後，對於心理學領域產生了巨大的影響。 / 這部電影的獨特風格和內容使其成為空前絕後的作品，深入人心。 / 這位運動員的表現在比賽中空前絕後，創造了無法打破的世界紀錄。 / 在文化交流的歷史上，這次盛會的規模與影響力被認為空前絕後。,idiom,空前絕後的人物 / 空前絕後的成就 / 空前絕後的事件 / 空前絕後的影響 / 空前絕後的作品 / 空前絕後的影響力,,,古今
空缺,5784,尚未遞補的職位。[例]他在公司的表現良好，所以經理決定讓他來遞補主任這個空缺。,A vacancy; an unfilled position.,還沒有人做的職位或職責。,許多求職者希望能夠得到這個空缺的職位，展現了市場的競爭激烈。 / 由於疫情的影響，很多公司的職位空缺情況愈加嚴重，導致了人才市場失衡。 / 公司內部出現了一些管理空缺，急需尋找合適的人選來接替。 / 最近有幾位員工離職，留下的空缺使得團隊面臨重組的挑戰。 / 面對專業技能的人才短缺，企業不得不花費更多的時間來尋找合適的人空缺選擇。 / 據報導，某知名企業的高管職位空缺引發了行業內的廣泛關注與討論。,n,職位空缺 / 人員空缺 / 管理空缺 / 專業空缺 / 需解決的空缺 / 空缺的職位,,,"投遞, 補, 簡歷, 疫情, 求職, 供需, 教職, 遞補, 招聘, 尚未"
空無一人,5785,,Desolate; empty; a phrase indicating that no one is present.,沒有人。,深夜的街道上空無一人，只有路燈發出微弱的光亮。 / 清晨的公園裡空無一人，只有幾隻鳥在枝頭唱歌。 / 這家餐廳在工作日的午餐時間也空無一人，讓人不禁懷疑生意怎麼樣。 / 昨天的音樂會吸引了不少人，但到了尾聲時，舞台前卻空無一人。 / 週末的市場漸漸安靜下來，許多攤位也空無一人，讓人感受到一絲孤獨。 / 休息日的教室裡空無一人，黑板上仍然寫著上週的課程內容。,idiom,書店空無一人 / 餐廳裡空無一人 / 房間裡空無一人 / 公園裡空無一人 / 教室空無一人 / 街道上空無一人 / 電影院裡空無一人 / 車站空無一人 / 健身房空無一人 / 會議室空無一人,,,"走進, 山村, 午後, 涂, 没, 鴉"
空隙,5786,物體上有縫隙的地方。[例]窗戶上有個空隙，難怪屋內會覺得這麼冷。,A gap or opening; a space between objects where they are not in contact.,物體上有縫隙的地方。,窗戶上有個小空隙，讓冷風進來了。 / 在書架的空隙中，我發現了幾本舊書。 / 如果牆壁有空隙，就容易讓蟲子進入房子裡。 / 為了保持通風，房間裡的傢俱應該留下一些空隙。 / 車子停在路邊時，兩輛車之間的空隙剛好容納了一個小電動車。 / 慢跑時，呼吸之間的空隙讓我能夠更好地控制節奏。,n,明顯的空隙 / 透過空隙 / 留下空隙 / 利用空隙 / 觀察空隙 / 消除空隙,,,"樹冠, 舊書, 藉著"
空襲,5787,利用飛機從空中對敵方目標進行襲擊。[例]盟軍這次的空襲，幾乎全數摧毀了敵方的戰備力量。,To conduct an air raid; to attack a target from the air using aircraft.,利用飛機從空中對敵方目標進行襲擊。,在戰爭期間，空襲警報啟動的時候，所有民眾都急忙返回掩體，以避免受到傷害。 / 鑑於敵軍的防空系統逐漸加強，我軍決定進行大規模空襲，以削弱其作戰能力。 / 在空襲開始之前，指揮部發佈了詳細的作戰計劃，確保每架飛機的攻擊目標明確。 / 此次空襲的主要目的是摧毀敵方的補給線，從而切斷其持續戰鬥的能力。 / 在國際社會的關注下，這次空襲引發了對戰爭倫理的激烈討論，許多人呼籲停止無差別攻擊。 / 即便面對空襲的威脅，當地居民依然保持著堅定的信念，努力重建被毀壞的家園。,n,空襲攻擊 / 空襲警報 / 空襲行動 / 空襲目標 / 大規模空襲 / 空襲作戰,,,"敌軍, 指揮官, 友軍, 趕往, 無損, 誤, 響起"
叩,5788,觸、敲或詢問。[例]叩頭、叩首、叩問,To knock or tap; to inquire or ask.,觸碰、敲打或詢問他人。,小孩叩見爺爺奶奶時，總是帶著一份恭敬。 / 在寺廟裡，信徒常常叩首祈求保佑。 / 他鼓起勇氣叩問老師，想要詢問功課的問題。 / 隔壁鄰居叩門時，帶來了一份自製的點心。 / 她謙虛地叩謝大家的支持，感激他們的幫助。 / 無論什麼時候，他都會在出門前叩謝父母養育的恩情。,va-t,叩頭 / 叩首 / 叩門 / 叩謝 / 叩見 / 叩響,,,"安, 自製, 擊, 蕩, 祖父母, 恩, 何時, 皇權"
扣除,5789,在某數額中減去若干數額。[例]這次慶生會的費用，從班費中扣除，不須另外繳費。,To deduct or subtract a certain amount from a total.,在某個數字中減去一些數字。,這次的旅行費用會從我的獎學金中扣除，這樣我就不用重新付錢了。 / 老闆說，如果員工繼續請病假，將會扣除他們的薪水。 / 每位員工的社會保險費用都會在薪水中扣除，確保他們享有相應的保障。 / 學校將會從每個學生的學費中扣除已支付的獎學金金額。 / 這次活動的參加費用會從團體的預算中扣除，無需個別支付。 / 扣除費用後，這次項目的預算還剩下不少。,va-t,扣除費用 / 扣除支出 / 扣除薪水 / 扣除獎金 / 扣除保險 / 扣除項目,,,"付錢, 稅金, 稅款, 數額, 若, 報稅, 退貨, 如, 期"
口紅,5790,塗抹在嘴脣上，讓唇色紅潤的化妝用品。[例]我買了一支口紅送給媽媽，當做母親節禮物。,A lipstick; a cosmetic product applied to the lips to give them color and shine.,擦在嘴唇上，使唇色紅潤的化妝用品。,口紅的顏色讓我的嘴唇看起來更加迷人，真是個好選擇。 / 每次出門前，我都會仔細擦口紅，讓自己看起來更有精神。 / 這款口紅的質地非常滋潤，用後我的嘴唇感覺很舒適。 / 昨天我參加派對，把我最喜歡的口紅塗上後，大家都誇讚我看起來很美。 / 她的口紅顏色與她的衣服搭配得非常好，讓整體造型更加出色。 / 在這次購物中，我找到了適合春季的口紅色號，迫不及待想試用看看。,n,使用口紅 / 擦口紅 / 口紅的顏色 / 口紅的質地 / 口紅品牌 / 口紅的選擇,,,"喜慶, 出彩, 彩, 美妝, 相, 試用, 塗抹, 容, 博主"
口角,5791,嘴、嘴邊。言語上的爭執或衝突。[例]他因口角發炎，說話和吃東西都很不方便。,The corner of the mouth; a term referring to the area around the lips.,嘴邊。言語上有爭執或衝突。,鄰居之間的小口角有時會影響社區的和諧。 / 他們因為一些小事產生了口角，使原本愉快的聚會變得尷尬。 / 每次家庭聚會，常常會有一些口角爆發，讓氣氛變得緊張。 / 當友誼出現口角時，及時溝通是解決問題的關鍵。 / 小孩之間的口角有時是因為玩具爭奪，父母需要適時介入調解。 / 過去的口角讓他們的友誼經歷了考驗，如今他們依然能夠和平相處。,n,口角不和 / 口角之爭 / 化解口角 / 避免口角 / 引發口角 / 口角事件,,,
口徑,5792,器物圓口的直徑。比喻對事情看法的說明。[例]槍炮口徑有一定的規格。,"The diameter of a round opening, such as that of a gun or cannon; a metaphorical term for the scope or viewpoint of a discussion or matter.",器物圓口的直徑，通常用來形容槍炮或其他工具的規格。比喻對事情的看法或說明。,在軍事演習中，官兵們會檢查武器的口徑是否符合規格，以確保訓練的安全性。 / 他們對於這次採購的武器口徑有不同的意見，因此需要進一步討論。 / 專家指出，新的武器設計應該考慮到可以使用不同口徑子彈的可能性。 / 軍方認為，這次會議中討論的重點應該放在口徑的調整上，以提升武器的準確性。 / 他經常研究不同國家武器的口徑規格，並將其整理成報告提供政府參考。 / 每當測試新彈藥時，工程師都必須確認口徑的精確度，以避免在實戰中出現問題。,n,口徑大小 / 口徑的標準 / 不同口徑 / 口徑測量 / 確定口徑 / 適當的口徑,,,"步槍, 新型, 民用, 槍械, 兼容, 曹, 狙擊, 供, 強弱, 銃"
口口聲聲,5793,不停的陳述、表白同樣的話。[例]他口口聲聲說要用功讀書，卻從來不曾做到。,To repeatedly state or express the same thing; to insistently declare or affirm.,不停地重複同樣的話，強調某個意思。,他口口聲聲表示要減肥，但每次聚餐後都會吃得很飽。 / 她口口聲聲強調自己會準時完成任務，結果還是遲到了。 / 學校口口聲聲強調環保的重要性，但卻沒有實行有效的垃圾分類措施。 / 他在會議上口口聲聲地承諾會改善團隊合作，但實際上沒做出任何改變。 / 她口口聲聲認為家庭應該團結一致，但總是與家人發生爭吵。 / 企業口口聲聲宣傳產品的環保特性，卻未能提供透明的生產過程。,idiom,口口聲聲地承諾 / 口口聲聲強調 / 口口聲聲表達意見 / 口口聲聲的信念 / 口口聲聲陳述事實 / 口口聲聲地呼籲,,,"協作, 鄰里, 至今"
口舌,5794,指勸解、爭辯時所說的話。[例]他喜歡逞口舌之快，所以常得罪人。,Words spoken in persuasion or argument; refers to the act of speaking in a debate or discussion.,指在說服或爭論時所說的話。,他和朋友的小爭執，最後只是因為口舌之快而告一段落。 / 對於這次的誤會，他希望能用真誠的話語來解決口舌的矛盾。 / 口舌不休的爭執讓周圍的人感到相當尷尬。 / 他不喜歡與人辯論，總覺得口舌之辯沒有實際意義。 / 為了避免不必要的口舌糾紛，他選擇了沉默以對。 / 這場爭論雖然激烈，但最終也只是停留在口舌上的碰撞。,n,口舌之快 / 口舌不休 / 口舌之辯 / 口舌的爭辯 / 善於口舌 / 喜歡口舌,,,"舌戰, 言, 解, 經, 相, 辯, 相辯, 激辯"
口頭禪,5795,原指不曾領會佛教禪理，只襲用它的一些常用語作為談話的題材。後泛指說話時的慣用語。[例]「統統有獎」是電視猜謎節目主持人的口頭禪。,"A phrase or expression that is habitually used in conversation, often without deep understanding or meaning.",原本指的是不曾真正領會佛教道理的人，只是隨便使用一些常用語作為談話內容。後來變為說話時經常用的習慣用語。,他常常說「祝你好運」這句話，已經成為他的口頭禪。 / 他喜歡用「努力就會有回報」來鼓勵別人，這句話漸漸成為他的口頭禪。 / 老師每次上課都會說「學習是終身的旅程」，這已經是他的口頭禪。 / 他的口頭禪是「懷抱夢想，不怕困難」，經常激勵身邊的人。 / 使用口頭禪能讓人感受到說話者的個性，這樣的習慣讓交流更加親切。 / 他的口頭禪是「不怕開始，勇敢前行」，經常鼓勵朋友們迎接新挑戰。,n,使用口頭禪 / 口頭禪的特點 / 口頭禪能表達 / 口頭禪常用於 / 口頭禪的流行 / 成為口頭禪,,,"引申, 禪理, 慣用"
酷愛,5796,非常喜愛。[例]她酷愛畫畫，希望有朝一日能成為國際知名的畫家。,To have a deep affection or love for something; to be very fond of.,對某事物或某人非常喜愛。,她酷愛音樂，每天都花時間練習鋼琴，希望能成為一名出色的音樂家。 / 她酷愛運動，每週都會參加健身課程，努力保持健康的生活方式。 / 他酷愛攝影，經常背著相機外出捕捉美麗的瞬間，並將照片分享在社交媒體上。 / 她酷愛舞蹈，從小學習各種舞蹈風格，現在希望能成為一名專業的舞蹈演員。 / 我酷愛園藝，喜歡在自家的陽台上種植各種植物，讓生活更添一份趣味。 / 他酷愛電影，每個周末都會和朋友一起去電影院，討論各種影片的情節和角色。,vs-t,酷愛音樂 / 酷愛跳舞 / 酷愛電影 / 酷愛旅行 / 酷愛美食 / 酷愛運動 / 酷愛學習 / 酷愛表演 / 酷愛藝術 / 酷愛設計,,,"綠意, 畫展, 瑜伽, 擺滿, 彩, 食譜, 廚藝, 花草, 編程"
苦不堪言,5797,痛苦得無法用言語來形容。[例]滿清末年政治腐敗，人民飽受欺凌壓榨，苦不堪言。,"Extremely painful and unbearable, to the point that one cannot express the suffering in words.",痛苦得無法用言語來形容。,戰爭時期，百姓生活困苦，因饑荒和暴力而苦不堪言。 / 由於經濟危機，許多家庭失去收入來源，生活陷入苦不堪言的境地。 / 青年的奮鬥故事告訴我們，即使面對苦不堪言的挑戰，也要堅持追尋自己的夢想。 / 辛苦的工作環境讓員工們感到焦慮與壓力重重，苦不堪言的聲音在辦公室中此起彼落。 / 那部紀錄片深刻揭示了底層人民的生活現狀，讓觀眾了解他們苦不堪言的日常奮鬥。 / 雖然習慣了艱難的生活，她仍難掩心中那份苦不堪言的經歷，渴望有人能理解她的心情。,idiom,苦不堪言的生活 / 苦不堪言的經歷 / 苦不堪言的日子 / 苦不堪言的情況 / 苦不堪言的回憶 / 苦不堪言的遭遇,,,"病重, 迷茫, 疫情, 思鄉, 亟需, 災, 堪言"
苦差事,5798,艱辛或難以忍受的公務或工作。如：「我們一起努力完成這件苦差事吧！」,A difficult or laborious task that is undesirable or hard to endure.,艱辛或難以忍受的公務或工作。,這份工作雖然是苦差事，但我相信完成後會有成就感。 / 很多社區志工都說清理公園是一項苦差事，但他們仍樂意參加。 / 面對這個苦差事，我們應該相互支持，減輕彼此的負擔。 / 這份工作的內容雖然繁瑣，但團隊合作讓這苦差事變得更輕鬆。 / 雖然這次的調查工作被認為是苦差事，但我們仍必須認真對待。 / 即使是苦差事，我們也應該保持積極的心態，這樣才能克服困難。,n,完成苦差事 / 承擔苦差事 / 面對苦差事 / 難以忍受的苦差事 / 避免苦差事 / 繼續苦差事,,,"苦差, 清掃"
苦楚,5799,痛苦。[例]她獨自扶養三個小孩，心中的苦楚是外人所不能了解的。,A state of deep pain or suffering.,心中感到非常的痛苦和煩惱。,失去愛妻之後，他心中積存的苦楚，讓他無法再笑出來。 / 在艱難的日子裡，他每天都寫日記，記錄下心中的苦楚，試圖釋放情感。 / 每當回想起童年時期的苦楚，她總是感到一陣莫名的心痛。 / 他承受著來自工作的壓力和生活的苦楚，心中充滿無奈。 / 忍受著失業的苦楚，她決定提升自己的技能，希望能夠重新找到工作。 / 獨自面對生活的苦楚，他開始尋找心理諮詢，渴望能夠釋放心中的壓力。,n,心中的苦楚 / 感受到苦楚 / 深切的苦楚 / 忍受苦楚 / 無法說明的苦楚 / 隱藏的苦楚,,,"時時刻刻, 言喻, 寐"
